global_x,global_y,map_member,local_x,local_y,symbol,intent,provisional_code
0,0,50,0,0,T,BLOCKED_TREE_WALL,1
1,0,50,1,0,T,BLOCKED_TREE_WALL,1
2,0,50,2,0,T,BLOCKED_TREE_WALL,1
3,0,50,3,0,T,BLOCKED_TREE_WALL,1
4,0,50,4,0,T,BLOCKED_TREE_WALL,1
5,0,50,5,0,T,BLOCKED_TREE_WALL,1
6,0,50,6,0,T,BLOCKED_TREE_WALL,1
7,0,50,7,0,T,BLOCKED_TREE_WALL,1
8,0,50,8,0,T,BLOCKED_TREE_WALL,1
9,0,50,9,0,T,BLOCKED_TREE_WALL,1
10,0,50,10,0,T,BLOCKED_TREE_WALL,1
11,0,50,11,0,T,BLOCKED_TREE_WALL,1
12,0,50,12,0,T,BLOCKED_TREE_WALL,1
13,0,50,13,0,T,BLOCKED_TREE_WALL,1
14,0,50,14,0,T,BLOCKED_TREE_WALL,1
15,0,50,15,0,T,BLOCKED_TREE_WALL,1
16,0,50,16,0,T,BLOCKED_TREE_WALL,1
17,0,50,17,0,T,BLOCKED_TREE_WALL,1
18,0,50,18,0,T,BLOCKED_TREE_WALL,1
19,0,50,19,0,T,BLOCKED_TREE_WALL,1
20,0,50,20,0,T,BLOCKED_TREE_WALL,1
21,0,50,21,0,T,BLOCKED_TREE_WALL,1
22,0,50,22,0,T,BLOCKED_TREE_WALL,1
23,0,50,23,0,T,BLOCKED_TREE_WALL,1
24,0,50,24,0,T,BLOCKED_TREE_WALL,1
25,0,50,25,0,T,BLOCKED_TREE_WALL,1
26,0,50,26,0,T,BLOCKED_TREE_WALL,1
27,0,50,27,0,T,BLOCKED_TREE_WALL,1
28,0,50,28,0,T,BLOCKED_TREE_WALL,1
29,0,50,29,0,T,BLOCKED_TREE_WALL,1
30,0,50,30,0,T,BLOCKED_TREE_WALL,1
31,0,50,31,0,T,BLOCKED_TREE_WALL,1
32,0,51,0,0,T,BLOCKED_TREE_WALL,1
33,0,51,1,0,T,BLOCKED_TREE_WALL,1
34,0,51,2,0,T,BLOCKED_TREE_WALL,1
35,0,51,3,0,T,BLOCKED_TREE_WALL,1
36,0,51,4,0,T,BLOCKED_TREE_WALL,1
37,0,51,5,0,T,BLOCKED_TREE_WALL,1
38,0,51,6,0,T,BLOCKED_TREE_WALL,1
39,0,51,7,0,T,BLOCKED_TREE_WALL,1
40,0,51,8,0,T,BLOCKED_TREE_WALL,1
41,0,51,9,0,T,BLOCKED_TREE_WALL,1
42,0,51,10,0,T,BLOCKED_TREE_WALL,1
43,0,51,11,0,T,BLOCKED_TREE_WALL,1
44,0,51,12,0,T,BLOCKED_TREE_WALL,1
45,0,51,13,0,T,BLOCKED_TREE_WALL,1
46,0,51,14,0,T,BLOCKED_TREE_WALL,1
47,0,51,15,0,T,BLOCKED_TREE_WALL,1
48,0,51,16,0,T,BLOCKED_TREE_WALL,1
49,0,51,17,0,T,BLOCKED_TREE_WALL,1
50,0,51,18,0,T,BLOCKED_TREE_WALL,1
51,0,51,19,0,T,BLOCKED_TREE_WALL,1
52,0,51,20,0,T,BLOCKED_TREE_WALL,1
53,0,51,21,0,T,BLOCKED_TREE_WALL,1
54,0,51,22,0,T,BLOCKED_TREE_WALL,1
55,0,51,23,0,T,BLOCKED_TREE_WALL,1
56,0,51,24,0,T,BLOCKED_TREE_WALL,1
57,0,51,25,0,T,BLOCKED_TREE_WALL,1
58,0,51,26,0,T,BLOCKED_TREE_WALL,1
59,0,51,27,0,T,BLOCKED_TREE_WALL,1
60,0,51,28,0,T,BLOCKED_TREE_WALL,1
61,0,51,29,0,T,BLOCKED_TREE_WALL,1
62,0,51,30,0,T,BLOCKED_TREE_WALL,1
63,0,51,31,0,T,BLOCKED_TREE_WALL,1
0,1,50,0,1,T,BLOCKED_TREE_WALL,1
1,1,50,1,1,T,BLOCKED_TREE_WALL,1
2,1,50,2,1,T,BLOCKED_TREE_WALL,1
3,1,50,3,1,T,BLOCKED_TREE_WALL,1
4,1,50,4,1,T,BLOCKED_TREE_WALL,1
5,1,50,5,1,T,BLOCKED_TREE_WALL,1
6,1,50,6,1,T,BLOCKED_TREE_WALL,1
7,1,50,7,1,T,BLOCKED_TREE_WALL,1
8,1,50,8,1,T,BLOCKED_TREE_WALL,1
9,1,50,9,1,T,BLOCKED_TREE_WALL,1
10,1,50,10,1,T,BLOCKED_TREE_WALL,1
11,1,50,11,1,T,BLOCKED_TREE_WALL,1
12,1,50,12,1,T,BLOCKED_TREE_WALL,1
13,1,50,13,1,T,BLOCKED_TREE_WALL,1
14,1,50,14,1,T,BLOCKED_TREE_WALL,1
15,1,50,15,1,T,BLOCKED_TREE_WALL,1
16,1,50,16,1,T,BLOCKED_TREE_WALL,1
17,1,50,17,1,T,BLOCKED_TREE_WALL,1
18,1,50,18,1,T,BLOCKED_TREE_WALL,1
19,1,50,19,1,T,BLOCKED_TREE_WALL,1
20,1,50,20,1,T,BLOCKED_TREE_WALL,1
21,1,50,21,1,T,BLOCKED_TREE_WALL,1
22,1,50,22,1,T,BLOCKED_TREE_WALL,1
23,1,50,23,1,T,BLOCKED_TREE_WALL,1
24,1,50,24,1,T,BLOCKED_TREE_WALL,1
25,1,50,25,1,T,BLOCKED_TREE_WALL,1
26,1,50,26,1,T,BLOCKED_TREE_WALL,1
27,1,50,27,1,T,BLOCKED_TREE_WALL,1
28,1,50,28,1,T,BLOCKED_TREE_WALL,1
29,1,50,29,1,T,BLOCKED_TREE_WALL,1
30,1,50,30,1,T,BLOCKED_TREE_WALL,1
31,1,50,31,1,T,BLOCKED_TREE_WALL,1
32,1,51,0,1,T,BLOCKED_TREE_WALL,1
33,1,51,1,1,T,BLOCKED_TREE_WALL,1
34,1,51,2,1,T,BLOCKED_TREE_WALL,1
35,1,51,3,1,T,BLOCKED_TREE_WALL,1
36,1,51,4,1,T,BLOCKED_TREE_WALL,1
37,1,51,5,1,T,BLOCKED_TREE_WALL,1
38,1,51,6,1,T,BLOCKED_TREE_WALL,1
39,1,51,7,1,T,BLOCKED_TREE_WALL,1
40,1,51,8,1,T,BLOCKED_TREE_WALL,1
41,1,51,9,1,T,BLOCKED_TREE_WALL,1
42,1,51,10,1,T,BLOCKED_TREE_WALL,1
43,1,51,11,1,T,BLOCKED_TREE_WALL,1
44,1,51,12,1,T,BLOCKED_TREE_WALL,1
45,1,51,13,1,T,BLOCKED_TREE_WALL,1
46,1,51,14,1,T,BLOCKED_TREE_WALL,1
47,1,51,15,1,T,BLOCKED_TREE_WALL,1
48,1,51,16,1,T,BLOCKED_TREE_WALL,1
49,1,51,17,1,T,BLOCKED_TREE_WALL,1
50,1,51,18,1,T,BLOCKED_TREE_WALL,1
51,1,51,19,1,T,BLOCKED_TREE_WALL,1
52,1,51,20,1,T,BLOCKED_TREE_WALL,1
53,1,51,21,1,T,BLOCKED_TREE_WALL,1
54,1,51,22,1,T,BLOCKED_TREE_WALL,1
55,1,51,23,1,T,BLOCKED_TREE_WALL,1
56,1,51,24,1,T,BLOCKED_TREE_WALL,1
57,1,51,25,1,T,BLOCKED_TREE_WALL,1
58,1,51,26,1,T,BLOCKED_TREE_WALL,1
59,1,51,27,1,T,BLOCKED_TREE_WALL,1
60,1,51,28,1,T,BLOCKED_TREE_WALL,1
61,1,51,29,1,T,BLOCKED_TREE_WALL,1
62,1,51,30,1,T,BLOCKED_TREE_WALL,1
63,1,51,31,1,T,BLOCKED_TREE_WALL,1
0,2,50,0,2,T,BLOCKED_TREE_WALL,1
1,2,50,1,2,T,BLOCKED_TREE_WALL,1
2,2,50,2,2,G,WALKABLE_SHORT_GRASS,0
3,2,50,3,2,G,WALKABLE_SHORT_GRASS,0
4,2,50,4,2,G,WALKABLE_SHORT_GRASS,0
5,2,50,5,2,G,WALKABLE_SHORT_GRASS,0
6,2,50,6,2,G,WALKABLE_SHORT_GRASS,0
7,2,50,7,2,G,WALKABLE_SHORT_GRASS,0
8,2,50,8,2,G,WALKABLE_SHORT_GRASS,0
9,2,50,9,2,G,WALKABLE_SHORT_GRASS,0
10,2,50,10,2,G,WALKABLE_SHORT_GRASS,0
11,2,50,11,2,G,WALKABLE_SHORT_GRASS,0
12,2,50,12,2,G,WALKABLE_SHORT_GRASS,0
13,2,50,13,2,G,WALKABLE_SHORT_GRASS,0
14,2,50,14,2,G,WALKABLE_SHORT_GRASS,0
15,2,50,15,2,G,WALKABLE_SHORT_GRASS,0
16,2,50,16,2,G,WALKABLE_SHORT_GRASS,0
17,2,50,17,2,G,WALKABLE_SHORT_GRASS,0
18,2,50,18,2,G,WALKABLE_SHORT_GRASS,0
19,2,50,19,2,G,WALKABLE_SHORT_GRASS,0
20,2,50,20,2,G,WALKABLE_SHORT_GRASS,0
21,2,50,21,2,G,WALKABLE_SHORT_GRASS,0
22,2,50,22,2,G,WALKABLE_SHORT_GRASS,0
23,2,50,23,2,G,WALKABLE_SHORT_GRASS,0
24,2,50,24,2,G,WALKABLE_SHORT_GRASS,0
25,2,50,25,2,G,WALKABLE_SHORT_GRASS,0
26,2,50,26,2,G,WALKABLE_SHORT_GRASS,0
27,2,50,27,2,G,WALKABLE_SHORT_GRASS,0
28,2,50,28,2,G,WALKABLE_SHORT_GRASS,0
29,2,50,29,2,G,WALKABLE_SHORT_GRASS,0
30,2,50,30,2,G,WALKABLE_SHORT_GRASS,0
31,2,50,31,2,G,WALKABLE_SHORT_GRASS,0
32,2,51,0,2,G,WALKABLE_SHORT_GRASS,0
33,2,51,1,2,G,WALKABLE_SHORT_GRASS,0
34,2,51,2,2,G,WALKABLE_SHORT_GRASS,0
35,2,51,3,2,G,WALKABLE_SHORT_GRASS,0
36,2,51,4,2,G,WALKABLE_SHORT_GRASS,0
37,2,51,5,2,G,WALKABLE_SHORT_GRASS,0
38,2,51,6,2,G,WALKABLE_SHORT_GRASS,0
39,2,51,7,2,G,WALKABLE_SHORT_GRASS,0
40,2,51,8,2,G,WALKABLE_SHORT_GRASS,0
41,2,51,9,2,G,WALKABLE_SHORT_GRASS,0
42,2,51,10,2,G,WALKABLE_SHORT_GRASS,0
43,2,51,11,2,G,WALKABLE_SHORT_GRASS,0
44,2,51,12,2,G,WALKABLE_SHORT_GRASS,0
45,2,51,13,2,G,WALKABLE_SHORT_GRASS,0
46,2,51,14,2,G,WALKABLE_SHORT_GRASS,0
47,2,51,15,2,G,WALKABLE_SHORT_GRASS,0
48,2,51,16,2,G,WALKABLE_SHORT_GRASS,0
49,2,51,17,2,G,WALKABLE_SHORT_GRASS,0
50,2,51,18,2,G,WALKABLE_SHORT_GRASS,0
51,2,51,19,2,G,WALKABLE_SHORT_GRASS,0
52,2,51,20,2,G,WALKABLE_SHORT_GRASS,0
53,2,51,21,2,G,WALKABLE_SHORT_GRASS,0
54,2,51,22,2,G,WALKABLE_SHORT_GRASS,0
55,2,51,23,2,G,WALKABLE_SHORT_GRASS,0
56,2,51,24,2,G,WALKABLE_SHORT_GRASS,0
57,2,51,25,2,G,WALKABLE_SHORT_GRASS,0
58,2,51,26,2,G,WALKABLE_SHORT_GRASS,0
59,2,51,27,2,G,WALKABLE_SHORT_GRASS,0
60,2,51,28,2,G,WALKABLE_SHORT_GRASS,0
61,2,51,29,2,G,WALKABLE_SHORT_GRASS,0
62,2,51,30,2,T,BLOCKED_TREE_WALL,1
63,2,51,31,2,T,BLOCKED_TREE_WALL,1
0,3,50,0,3,T,BLOCKED_TREE_WALL,1
1,3,50,1,3,T,BLOCKED_TREE_WALL,1
2,3,50,2,3,G,WALKABLE_SHORT_GRASS,0
3,3,50,3,3,G,WALKABLE_SHORT_GRASS,0
4,3,50,4,3,G,WALKABLE_SHORT_GRASS,0
5,3,50,5,3,G,WALKABLE_SHORT_GRASS,0
6,3,50,6,3,G,WALKABLE_SHORT_GRASS,0
7,3,50,7,3,G,WALKABLE_SHORT_GRASS,0
8,3,50,8,3,G,WALKABLE_SHORT_GRASS,0
9,3,50,9,3,G,WALKABLE_SHORT_GRASS,0
10,3,50,10,3,G,WALKABLE_SHORT_GRASS,0
11,3,50,11,3,G,WALKABLE_SHORT_GRASS,0
12,3,50,12,3,G,WALKABLE_SHORT_GRASS,0
13,3,50,13,3,G,WALKABLE_SHORT_GRASS,0
14,3,50,14,3,G,WALKABLE_SHORT_GRASS,0
15,3,50,15,3,G,WALKABLE_SHORT_GRASS,0
16,3,50,16,3,G,WALKABLE_SHORT_GRASS,0
17,3,50,17,3,G,WALKABLE_SHORT_GRASS,0
18,3,50,18,3,G,WALKABLE_SHORT_GRASS,0
19,3,50,19,3,G,WALKABLE_SHORT_GRASS,0
20,3,50,20,3,G,WALKABLE_SHORT_GRASS,0
21,3,50,21,3,G,WALKABLE_SHORT_GRASS,0
22,3,50,22,3,G,WALKABLE_SHORT_GRASS,0
23,3,50,23,3,G,WALKABLE_SHORT_GRASS,0
24,3,50,24,3,G,WALKABLE_SHORT_GRASS,0
25,3,50,25,3,G,WALKABLE_SHORT_GRASS,0
26,3,50,26,3,G,WALKABLE_SHORT_GRASS,0
27,3,50,27,3,G,WALKABLE_SHORT_GRASS,0
28,3,50,28,3,G,WALKABLE_SHORT_GRASS,0
29,3,50,29,3,G,WALKABLE_SHORT_GRASS,0
30,3,50,30,3,G,WALKABLE_SHORT_GRASS,0
31,3,50,31,3,G,WALKABLE_SHORT_GRASS,0
32,3,51,0,3,G,WALKABLE_SHORT_GRASS,0
33,3,51,1,3,G,WALKABLE_SHORT_GRASS,0
34,3,51,2,3,G,WALKABLE_SHORT_GRASS,0
35,3,51,3,3,G,WALKABLE_SHORT_GRASS,0
36,3,51,4,3,G,WALKABLE_SHORT_GRASS,0
37,3,51,5,3,G,WALKABLE_SHORT_GRASS,0
38,3,51,6,3,G,WALKABLE_SHORT_GRASS,0
39,3,51,7,3,G,WALKABLE_SHORT_GRASS,0
40,3,51,8,3,G,WALKABLE_SHORT_GRASS,0
41,3,51,9,3,G,WALKABLE_SHORT_GRASS,0
42,3,51,10,3,G,WALKABLE_SHORT_GRASS,0
43,3,51,11,3,G,WALKABLE_SHORT_GRASS,0
44,3,51,12,3,G,WALKABLE_SHORT_GRASS,0
45,3,51,13,3,G,WALKABLE_SHORT_GRASS,0
46,3,51,14,3,G,WALKABLE_SHORT_GRASS,0
47,3,51,15,3,G,WALKABLE_SHORT_GRASS,0
48,3,51,16,3,G,WALKABLE_SHORT_GRASS,0
49,3,51,17,3,G,WALKABLE_SHORT_GRASS,0
50,3,51,18,3,G,WALKABLE_SHORT_GRASS,0
51,3,51,19,3,G,WALKABLE_SHORT_GRASS,0
52,3,51,20,3,G,WALKABLE_SHORT_GRASS,0
53,3,51,21,3,G,WALKABLE_SHORT_GRASS,0
54,3,51,22,3,G,WALKABLE_SHORT_GRASS,0
55,3,51,23,3,G,WALKABLE_SHORT_GRASS,0
56,3,51,24,3,G,WALKABLE_SHORT_GRASS,0
57,3,51,25,3,G,WALKABLE_SHORT_GRASS,0
58,3,51,26,3,G,WALKABLE_SHORT_GRASS,0
59,3,51,27,3,G,WALKABLE_SHORT_GRASS,0
60,3,51,28,3,G,WALKABLE_SHORT_GRASS,0
61,3,51,29,3,G,WALKABLE_SHORT_GRASS,0
62,3,51,30,3,T,BLOCKED_TREE_WALL,1
63,3,51,31,3,T,BLOCKED_TREE_WALL,1
0,4,50,0,4,T,BLOCKED_TREE_WALL,1
1,4,50,1,4,T,BLOCKED_TREE_WALL,1
2,4,50,2,4,G,WALKABLE_SHORT_GRASS,0
3,4,50,3,4,G,WALKABLE_SHORT_GRASS,0
4,4,50,4,4,G,WALKABLE_SHORT_GRASS,0
5,4,50,5,4,F,WALKABLE_FLOWER_ENCOUNTER,3
6,4,50,6,4,F,WALKABLE_FLOWER_ENCOUNTER,3
7,4,50,7,4,F,WALKABLE_FLOWER_ENCOUNTER,3
8,4,50,8,4,F,WALKABLE_FLOWER_ENCOUNTER,3
9,4,50,9,4,F,WALKABLE_FLOWER_ENCOUNTER,3
10,4,50,10,4,F,WALKABLE_FLOWER_ENCOUNTER,3
11,4,50,11,4,F,WALKABLE_FLOWER_ENCOUNTER,3
12,4,50,12,4,F,WALKABLE_FLOWER_ENCOUNTER,3
13,4,50,13,4,F,WALKABLE_FLOWER_ENCOUNTER,3
14,4,50,14,4,F,WALKABLE_FLOWER_ENCOUNTER,3
15,4,50,15,4,F,WALKABLE_FLOWER_ENCOUNTER,3
16,4,50,16,4,F,WALKABLE_FLOWER_ENCOUNTER,3
17,4,50,17,4,F,WALKABLE_FLOWER_ENCOUNTER,3
18,4,50,18,4,F,WALKABLE_FLOWER_ENCOUNTER,3
19,4,50,19,4,F,WALKABLE_FLOWER_ENCOUNTER,3
20,4,50,20,4,F,WALKABLE_FLOWER_ENCOUNTER,3
21,4,50,21,4,F,WALKABLE_FLOWER_ENCOUNTER,3
22,4,50,22,4,F,WALKABLE_FLOWER_ENCOUNTER,3
23,4,50,23,4,G,WALKABLE_SHORT_GRASS,0
24,4,50,24,4,G,WALKABLE_SHORT_GRASS,0
25,4,50,25,4,G,WALKABLE_SHORT_GRASS,0
26,4,50,26,4,G,WALKABLE_SHORT_GRASS,0
27,4,50,27,4,G,WALKABLE_SHORT_GRASS,0
28,4,50,28,4,G,WALKABLE_SHORT_GRASS,0
29,4,50,29,4,G,WALKABLE_SHORT_GRASS,0
30,4,50,30,4,G,WALKABLE_SHORT_GRASS,0
31,4,50,31,4,G,WALKABLE_SHORT_GRASS,0
32,4,51,0,4,G,WALKABLE_SHORT_GRASS,0
33,4,51,1,4,G,WALKABLE_SHORT_GRASS,0
34,4,51,2,4,G,WALKABLE_SHORT_GRASS,0
35,4,51,3,4,G,WALKABLE_SHORT_GRASS,0
36,4,51,4,4,G,WALKABLE_SHORT_GRASS,0
37,4,51,5,4,G,WALKABLE_SHORT_GRASS,0
38,4,51,6,4,G,WALKABLE_SHORT_GRASS,0
39,4,51,7,4,G,WALKABLE_SHORT_GRASS,0
40,4,51,8,4,G,WALKABLE_SHORT_GRASS,0
41,4,51,9,4,F,WALKABLE_FLOWER_ENCOUNTER,3
42,4,51,10,4,F,WALKABLE_FLOWER_ENCOUNTER,3
43,4,51,11,4,F,WALKABLE_FLOWER_ENCOUNTER,3
44,4,51,12,4,F,WALKABLE_FLOWER_ENCOUNTER,3
45,4,51,13,4,F,WALKABLE_FLOWER_ENCOUNTER,3
46,4,51,14,4,F,WALKABLE_FLOWER_ENCOUNTER,3
47,4,51,15,4,F,WALKABLE_FLOWER_ENCOUNTER,3
48,4,51,16,4,F,WALKABLE_FLOWER_ENCOUNTER,3
49,4,51,17,4,F,WALKABLE_FLOWER_ENCOUNTER,3
50,4,51,18,4,F,WALKABLE_FLOWER_ENCOUNTER,3
51,4,51,19,4,F,WALKABLE_FLOWER_ENCOUNTER,3
52,4,51,20,4,F,WALKABLE_FLOWER_ENCOUNTER,3
53,4,51,21,4,F,WALKABLE_FLOWER_ENCOUNTER,3
54,4,51,22,4,F,WALKABLE_FLOWER_ENCOUNTER,3
55,4,51,23,4,F,WALKABLE_FLOWER_ENCOUNTER,3
56,4,51,24,4,F,WALKABLE_FLOWER_ENCOUNTER,3
57,4,51,25,4,F,WALKABLE_FLOWER_ENCOUNTER,3
58,4,51,26,4,F,WALKABLE_FLOWER_ENCOUNTER,3
59,4,51,27,4,G,WALKABLE_SHORT_GRASS,0
60,4,51,28,4,G,WALKABLE_SHORT_GRASS,0
61,4,51,29,4,G,WALKABLE_SHORT_GRASS,0
62,4,51,30,4,T,BLOCKED_TREE_WALL,1
63,4,51,31,4,T,BLOCKED_TREE_WALL,1
0,5,50,0,5,T,BLOCKED_TREE_WALL,1
1,5,50,1,5,T,BLOCKED_TREE_WALL,1
2,5,50,2,5,G,WALKABLE_SHORT_GRASS,0
3,5,50,3,5,G,WALKABLE_SHORT_GRASS,0
4,5,50,4,5,G,WALKABLE_SHORT_GRASS,0
5,5,50,5,5,F,WALKABLE_FLOWER_ENCOUNTER,3
6,5,50,6,5,F,WALKABLE_FLOWER_ENCOUNTER,3
7,5,50,7,5,F,WALKABLE_FLOWER_ENCOUNTER,3
8,5,50,8,5,F,WALKABLE_FLOWER_ENCOUNTER,3
9,5,50,9,5,F,WALKABLE_FLOWER_ENCOUNTER,3
10,5,50,10,5,F,WALKABLE_FLOWER_ENCOUNTER,3
11,5,50,11,5,F,WALKABLE_FLOWER_ENCOUNTER,3
12,5,50,12,5,F,WALKABLE_FLOWER_ENCOUNTER,3
13,5,50,13,5,F,WALKABLE_FLOWER_ENCOUNTER,3
14,5,50,14,5,F,WALKABLE_FLOWER_ENCOUNTER,3
15,5,50,15,5,F,WALKABLE_FLOWER_ENCOUNTER,3
16,5,50,16,5,F,WALKABLE_FLOWER_ENCOUNTER,3
17,5,50,17,5,F,WALKABLE_FLOWER_ENCOUNTER,3
18,5,50,18,5,F,WALKABLE_FLOWER_ENCOUNTER,3
19,5,50,19,5,F,WALKABLE_FLOWER_ENCOUNTER,3
20,5,50,20,5,F,WALKABLE_FLOWER_ENCOUNTER,3
21,5,50,21,5,F,WALKABLE_FLOWER_ENCOUNTER,3
22,5,50,22,5,F,WALKABLE_FLOWER_ENCOUNTER,3
23,5,50,23,5,G,WALKABLE_SHORT_GRASS,0
24,5,50,24,5,G,WALKABLE_SHORT_GRASS,0
25,5,50,25,5,G,WALKABLE_SHORT_GRASS,0
26,5,50,26,5,G,WALKABLE_SHORT_GRASS,0
27,5,50,27,5,G,WALKABLE_SHORT_GRASS,0
28,5,50,28,5,G,WALKABLE_SHORT_GRASS,0
29,5,50,29,5,G,WALKABLE_SHORT_GRASS,0
30,5,50,30,5,G,WALKABLE_SHORT_GRASS,0
31,5,50,31,5,G,WALKABLE_SHORT_GRASS,0
32,5,51,0,5,G,WALKABLE_SHORT_GRASS,0
33,5,51,1,5,G,WALKABLE_SHORT_GRASS,0
34,5,51,2,5,G,WALKABLE_SHORT_GRASS,0
35,5,51,3,5,G,WALKABLE_SHORT_GRASS,0
36,5,51,4,5,G,WALKABLE_SHORT_GRASS,0
37,5,51,5,5,G,WALKABLE_SHORT_GRASS,0
38,5,51,6,5,G,WALKABLE_SHORT_GRASS,0
39,5,51,7,5,G,WALKABLE_SHORT_GRASS,0
40,5,51,8,5,G,WALKABLE_SHORT_GRASS,0
41,5,51,9,5,F,WALKABLE_FLOWER_ENCOUNTER,3
42,5,51,10,5,F,WALKABLE_FLOWER_ENCOUNTER,3
43,5,51,11,5,F,WALKABLE_FLOWER_ENCOUNTER,3
44,5,51,12,5,F,WALKABLE_FLOWER_ENCOUNTER,3
45,5,51,13,5,F,WALKABLE_FLOWER_ENCOUNTER,3
46,5,51,14,5,F,WALKABLE_FLOWER_ENCOUNTER,3
47,5,51,15,5,F,WALKABLE_FLOWER_ENCOUNTER,3
48,5,51,16,5,F,WALKABLE_FLOWER_ENCOUNTER,3
49,5,51,17,5,F,WALKABLE_FLOWER_ENCOUNTER,3
50,5,51,18,5,F,WALKABLE_FLOWER_ENCOUNTER,3
51,5,51,19,5,F,WALKABLE_FLOWER_ENCOUNTER,3
52,5,51,20,5,F,WALKABLE_FLOWER_ENCOUNTER,3
53,5,51,21,5,F,WALKABLE_FLOWER_ENCOUNTER,3
54,5,51,22,5,F,WALKABLE_FLOWER_ENCOUNTER,3
55,5,51,23,5,F,WALKABLE_FLOWER_ENCOUNTER,3
56,5,51,24,5,F,WALKABLE_FLOWER_ENCOUNTER,3
57,5,51,25,5,F,WALKABLE_FLOWER_ENCOUNTER,3
58,5,51,26,5,F,WALKABLE_FLOWER_ENCOUNTER,3
59,5,51,27,5,G,WALKABLE_SHORT_GRASS,0
60,5,51,28,5,G,WALKABLE_SHORT_GRASS,0
61,5,51,29,5,G,WALKABLE_SHORT_GRASS,0
62,5,51,30,5,T,BLOCKED_TREE_WALL,1
63,5,51,31,5,T,BLOCKED_TREE_WALL,1
0,6,50,0,6,T,BLOCKED_TREE_WALL,1
1,6,50,1,6,T,BLOCKED_TREE_WALL,1
2,6,50,2,6,G,WALKABLE_SHORT_GRASS,0
3,6,50,3,6,G,WALKABLE_SHORT_GRASS,0
4,6,50,4,6,G,WALKABLE_SHORT_GRASS,0
5,6,50,5,6,F,WALKABLE_FLOWER_ENCOUNTER,3
6,6,50,6,6,F,WALKABLE_FLOWER_ENCOUNTER,3
7,6,50,7,6,F,WALKABLE_FLOWER_ENCOUNTER,3
8,6,50,8,6,F,WALKABLE_FLOWER_ENCOUNTER,3
9,6,50,9,6,F,WALKABLE_FLOWER_ENCOUNTER,3
10,6,50,10,6,F,WALKABLE_FLOWER_ENCOUNTER,3
11,6,50,11,6,F,WALKABLE_FLOWER_ENCOUNTER,3
12,6,50,12,6,F,WALKABLE_FLOWER_ENCOUNTER,3
13,6,50,13,6,F,WALKABLE_FLOWER_ENCOUNTER,3
14,6,50,14,6,F,WALKABLE_FLOWER_ENCOUNTER,3
15,6,50,15,6,F,WALKABLE_FLOWER_ENCOUNTER,3
16,6,50,16,6,F,WALKABLE_FLOWER_ENCOUNTER,3
17,6,50,17,6,F,WALKABLE_FLOWER_ENCOUNTER,3
18,6,50,18,6,F,WALKABLE_FLOWER_ENCOUNTER,3
19,6,50,19,6,F,WALKABLE_FLOWER_ENCOUNTER,3
20,6,50,20,6,F,WALKABLE_FLOWER_ENCOUNTER,3
21,6,50,21,6,F,WALKABLE_FLOWER_ENCOUNTER,3
22,6,50,22,6,F,WALKABLE_FLOWER_ENCOUNTER,3
23,6,50,23,6,G,WALKABLE_SHORT_GRASS,0
24,6,50,24,6,G,WALKABLE_SHORT_GRASS,0
25,6,50,25,6,G,WALKABLE_SHORT_GRASS,0
26,6,50,26,6,G,WALKABLE_SHORT_GRASS,0
27,6,50,27,6,G,WALKABLE_SHORT_GRASS,0
28,6,50,28,6,G,WALKABLE_SHORT_GRASS,0
29,6,50,29,6,G,WALKABLE_SHORT_GRASS,0
30,6,50,30,6,G,WALKABLE_SHORT_GRASS,0
31,6,50,31,6,G,WALKABLE_SHORT_GRASS,0
32,6,51,0,6,G,WALKABLE_SHORT_GRASS,0
33,6,51,1,6,G,WALKABLE_SHORT_GRASS,0
34,6,51,2,6,G,WALKABLE_SHORT_GRASS,0
35,6,51,3,6,G,WALKABLE_SHORT_GRASS,0
36,6,51,4,6,G,WALKABLE_SHORT_GRASS,0
37,6,51,5,6,G,WALKABLE_SHORT_GRASS,0
38,6,51,6,6,G,WALKABLE_SHORT_GRASS,0
39,6,51,7,6,G,WALKABLE_SHORT_GRASS,0
40,6,51,8,6,G,WALKABLE_SHORT_GRASS,0
41,6,51,9,6,F,WALKABLE_FLOWER_ENCOUNTER,3
42,6,51,10,6,F,WALKABLE_FLOWER_ENCOUNTER,3
43,6,51,11,6,F,WALKABLE_FLOWER_ENCOUNTER,3
44,6,51,12,6,F,WALKABLE_FLOWER_ENCOUNTER,3
45,6,51,13,6,F,WALKABLE_FLOWER_ENCOUNTER,3
46,6,51,14,6,F,WALKABLE_FLOWER_ENCOUNTER,3
47,6,51,15,6,F,WALKABLE_FLOWER_ENCOUNTER,3
48,6,51,16,6,F,WALKABLE_FLOWER_ENCOUNTER,3
49,6,51,17,6,W,SURF_WATER,2
50,6,51,18,6,W,SURF_WATER,2
51,6,51,19,6,W,SURF_WATER,2
52,6,51,20,6,W,SURF_WATER,2
53,6,51,21,6,W,SURF_WATER,2
54,6,51,22,6,W,SURF_WATER,2
55,6,51,23,6,F,WALKABLE_FLOWER_ENCOUNTER,3
56,6,51,24,6,F,WALKABLE_FLOWER_ENCOUNTER,3
57,6,51,25,6,F,WALKABLE_FLOWER_ENCOUNTER,3
58,6,51,26,6,F,WALKABLE_FLOWER_ENCOUNTER,3
59,6,51,27,6,G,WALKABLE_SHORT_GRASS,0
60,6,51,28,6,G,WALKABLE_SHORT_GRASS,0
61,6,51,29,6,G,WALKABLE_SHORT_GRASS,0
62,6,51,30,6,T,BLOCKED_TREE_WALL,1
63,6,51,31,6,T,BLOCKED_TREE_WALL,1
0,7,50,0,7,T,BLOCKED_TREE_WALL,1
1,7,50,1,7,T,BLOCKED_TREE_WALL,1
2,7,50,2,7,G,WALKABLE_SHORT_GRASS,0
3,7,50,3,7,G,WALKABLE_SHORT_GRASS,0
4,7,50,4,7,G,WALKABLE_SHORT_GRASS,0
5,7,50,5,7,F,WALKABLE_FLOWER_ENCOUNTER,3
6,7,50,6,7,F,WALKABLE_FLOWER_ENCOUNTER,3
7,7,50,7,7,F,WALKABLE_FLOWER_ENCOUNTER,3
8,7,50,8,7,F,WALKABLE_FLOWER_ENCOUNTER,3
9,7,50,9,7,F,WALKABLE_FLOWER_ENCOUNTER,3
10,7,50,10,7,F,WALKABLE_FLOWER_ENCOUNTER,3
11,7,50,11,7,F,WALKABLE_FLOWER_ENCOUNTER,3
12,7,50,12,7,F,WALKABLE_FLOWER_ENCOUNTER,3
13,7,50,13,7,F,WALKABLE_FLOWER_ENCOUNTER,3
14,7,50,14,7,F,WALKABLE_FLOWER_ENCOUNTER,3
15,7,50,15,7,F,WALKABLE_FLOWER_ENCOUNTER,3
16,7,50,16,7,F,WALKABLE_FLOWER_ENCOUNTER,3
17,7,50,17,7,F,WALKABLE_FLOWER_ENCOUNTER,3
18,7,50,18,7,F,WALKABLE_FLOWER_ENCOUNTER,3
19,7,50,19,7,F,WALKABLE_FLOWER_ENCOUNTER,3
20,7,50,20,7,F,WALKABLE_FLOWER_ENCOUNTER,3
21,7,50,21,7,F,WALKABLE_FLOWER_ENCOUNTER,3
22,7,50,22,7,F,WALKABLE_FLOWER_ENCOUNTER,3
23,7,50,23,7,G,WALKABLE_SHORT_GRASS,0
24,7,50,24,7,G,WALKABLE_SHORT_GRASS,0
25,7,50,25,7,G,WALKABLE_SHORT_GRASS,0
26,7,50,26,7,G,WALKABLE_SHORT_GRASS,0
27,7,50,27,7,G,WALKABLE_SHORT_GRASS,0
28,7,50,28,7,G,WALKABLE_SHORT_GRASS,0
29,7,50,29,7,G,WALKABLE_SHORT_GRASS,0
30,7,50,30,7,G,WALKABLE_SHORT_GRASS,0
31,7,50,31,7,G,WALKABLE_SHORT_GRASS,0
32,7,51,0,7,G,WALKABLE_SHORT_GRASS,0
33,7,51,1,7,G,WALKABLE_SHORT_GRASS,0
34,7,51,2,7,G,WALKABLE_SHORT_GRASS,0
35,7,51,3,7,G,WALKABLE_SHORT_GRASS,0
36,7,51,4,7,G,WALKABLE_SHORT_GRASS,0
37,7,51,5,7,G,WALKABLE_SHORT_GRASS,0
38,7,51,6,7,G,WALKABLE_SHORT_GRASS,0
39,7,51,7,7,G,WALKABLE_SHORT_GRASS,0
40,7,51,8,7,G,WALKABLE_SHORT_GRASS,0
41,7,51,9,7,F,WALKABLE_FLOWER_ENCOUNTER,3
42,7,51,10,7,F,WALKABLE_FLOWER_ENCOUNTER,3
43,7,51,11,7,F,WALKABLE_FLOWER_ENCOUNTER,3
44,7,51,12,7,F,WALKABLE_FLOWER_ENCOUNTER,3
45,7,51,13,7,F,WALKABLE_FLOWER_ENCOUNTER,3
46,7,51,14,7,F,WALKABLE_FLOWER_ENCOUNTER,3
47,7,51,15,7,F,WALKABLE_FLOWER_ENCOUNTER,3
48,7,51,16,7,F,WALKABLE_FLOWER_ENCOUNTER,3
49,7,51,17,7,W,SURF_WATER,2
50,7,51,18,7,W,SURF_WATER,2
51,7,51,19,7,W,SURF_WATER,2
52,7,51,20,7,W,SURF_WATER,2
53,7,51,21,7,W,SURF_WATER,2
54,7,51,22,7,W,SURF_WATER,2
55,7,51,23,7,F,WALKABLE_FLOWER_ENCOUNTER,3
56,7,51,24,7,F,WALKABLE_FLOWER_ENCOUNTER,3
57,7,51,25,7,F,WALKABLE_FLOWER_ENCOUNTER,3
58,7,51,26,7,F,WALKABLE_FLOWER_ENCOUNTER,3
59,7,51,27,7,G,WALKABLE_SHORT_GRASS,0
60,7,51,28,7,G,WALKABLE_SHORT_GRASS,0
61,7,51,29,7,G,WALKABLE_SHORT_GRASS,0
62,7,51,30,7,T,BLOCKED_TREE_WALL,1
63,7,51,31,7,T,BLOCKED_TREE_WALL,1
0,8,50,0,8,T,BLOCKED_TREE_WALL,1
1,8,50,1,8,T,BLOCKED_TREE_WALL,1
2,8,50,2,8,G,WALKABLE_SHORT_GRASS,0
3,8,50,3,8,G,WALKABLE_SHORT_GRASS,0
4,8,50,4,8,G,WALKABLE_SHORT_GRASS,0
5,8,50,5,8,F,WALKABLE_FLOWER_ENCOUNTER,3
6,8,50,6,8,F,WALKABLE_FLOWER_ENCOUNTER,3
7,8,50,7,8,F,WALKABLE_FLOWER_ENCOUNTER,3
8,8,50,8,8,F,WALKABLE_FLOWER_ENCOUNTER,3
9,8,50,9,8,F,WALKABLE_FLOWER_ENCOUNTER,3
10,8,50,10,8,F,WALKABLE_FLOWER_ENCOUNTER,3
11,8,50,11,8,F,WALKABLE_FLOWER_ENCOUNTER,3
12,8,50,12,8,F,WALKABLE_FLOWER_ENCOUNTER,3
13,8,50,13,8,F,WALKABLE_FLOWER_ENCOUNTER,3
14,8,50,14,8,F,WALKABLE_FLOWER_ENCOUNTER,3
15,8,50,15,8,F,WALKABLE_FLOWER_ENCOUNTER,3
16,8,50,16,8,F,WALKABLE_FLOWER_ENCOUNTER,3
17,8,50,17,8,F,WALKABLE_FLOWER_ENCOUNTER,3
18,8,50,18,8,F,WALKABLE_FLOWER_ENCOUNTER,3
19,8,50,19,8,F,WALKABLE_FLOWER_ENCOUNTER,3
20,8,50,20,8,F,WALKABLE_FLOWER_ENCOUNTER,3
21,8,50,21,8,F,WALKABLE_FLOWER_ENCOUNTER,3
22,8,50,22,8,F,WALKABLE_FLOWER_ENCOUNTER,3
23,8,50,23,8,G,WALKABLE_SHORT_GRASS,0
24,8,50,24,8,G,WALKABLE_SHORT_GRASS,0
25,8,50,25,8,G,WALKABLE_SHORT_GRASS,0
26,8,50,26,8,G,WALKABLE_SHORT_GRASS,0
27,8,50,27,8,G,WALKABLE_SHORT_GRASS,0
28,8,50,28,8,G,WALKABLE_SHORT_GRASS,0
29,8,50,29,8,G,WALKABLE_SHORT_GRASS,0
30,8,50,30,8,G,WALKABLE_SHORT_GRASS,0
31,8,50,31,8,G,WALKABLE_SHORT_GRASS,0
32,8,51,0,8,G,WALKABLE_SHORT_GRASS,0
33,8,51,1,8,G,WALKABLE_SHORT_GRASS,0
34,8,51,2,8,G,WALKABLE_SHORT_GRASS,0
35,8,51,3,8,G,WALKABLE_SHORT_GRASS,0
36,8,51,4,8,G,WALKABLE_SHORT_GRASS,0
37,8,51,5,8,G,WALKABLE_SHORT_GRASS,0
38,8,51,6,8,G,WALKABLE_SHORT_GRASS,0
39,8,51,7,8,G,WALKABLE_SHORT_GRASS,0
40,8,51,8,8,G,WALKABLE_SHORT_GRASS,0
41,8,51,9,8,F,WALKABLE_FLOWER_ENCOUNTER,3
42,8,51,10,8,F,WALKABLE_FLOWER_ENCOUNTER,3
43,8,51,11,8,F,WALKABLE_FLOWER_ENCOUNTER,3
44,8,51,12,8,F,WALKABLE_FLOWER_ENCOUNTER,3
45,8,51,13,8,F,WALKABLE_FLOWER_ENCOUNTER,3
46,8,51,14,8,F,WALKABLE_FLOWER_ENCOUNTER,3
47,8,51,15,8,F,WALKABLE_FLOWER_ENCOUNTER,3
48,8,51,16,8,F,WALKABLE_FLOWER_ENCOUNTER,3
49,8,51,17,8,W,SURF_WATER,2
50,8,51,18,8,W,SURF_WATER,2
51,8,51,19,8,W,SURF_WATER,2
52,8,51,20,8,W,SURF_WATER,2
53,8,51,21,8,W,SURF_WATER,2
54,8,51,22,8,W,SURF_WATER,2
55,8,51,23,8,F,WALKABLE_FLOWER_ENCOUNTER,3
56,8,51,24,8,F,WALKABLE_FLOWER_ENCOUNTER,3
57,8,51,25,8,F,WALKABLE_FLOWER_ENCOUNTER,3
58,8,51,26,8,F,WALKABLE_FLOWER_ENCOUNTER,3
59,8,51,27,8,G,WALKABLE_SHORT_GRASS,0
60,8,51,28,8,G,WALKABLE_SHORT_GRASS,0
61,8,51,29,8,G,WALKABLE_SHORT_GRASS,0
62,8,51,30,8,T,BLOCKED_TREE_WALL,1
63,8,51,31,8,T,BLOCKED_TREE_WALL,1
0,9,50,0,9,T,BLOCKED_TREE_WALL,1
1,9,50,1,9,T,BLOCKED_TREE_WALL,1
2,9,50,2,9,G,WALKABLE_SHORT_GRASS,0
3,9,50,3,9,G,WALKABLE_SHORT_GRASS,0
4,9,50,4,9,G,WALKABLE_SHORT_GRASS,0
5,9,50,5,9,F,WALKABLE_FLOWER_ENCOUNTER,3
6,9,50,6,9,F,WALKABLE_FLOWER_ENCOUNTER,3
7,9,50,7,9,F,WALKABLE_FLOWER_ENCOUNTER,3
8,9,50,8,9,F,WALKABLE_FLOWER_ENCOUNTER,3
9,9,50,9,9,F,WALKABLE_FLOWER_ENCOUNTER,3
10,9,50,10,9,F,WALKABLE_FLOWER_ENCOUNTER,3
11,9,50,11,9,F,WALKABLE_FLOWER_ENCOUNTER,3
12,9,50,12,9,F,WALKABLE_FLOWER_ENCOUNTER,3
13,9,50,13,9,F,WALKABLE_FLOWER_ENCOUNTER,3
14,9,50,14,9,F,WALKABLE_FLOWER_ENCOUNTER,3
15,9,50,15,9,F,WALKABLE_FLOWER_ENCOUNTER,3
16,9,50,16,9,F,WALKABLE_FLOWER_ENCOUNTER,3
17,9,50,17,9,F,WALKABLE_FLOWER_ENCOUNTER,3
18,9,50,18,9,F,WALKABLE_FLOWER_ENCOUNTER,3
19,9,50,19,9,F,WALKABLE_FLOWER_ENCOUNTER,3
20,9,50,20,9,F,WALKABLE_FLOWER_ENCOUNTER,3
21,9,50,21,9,F,WALKABLE_FLOWER_ENCOUNTER,3
22,9,50,22,9,F,WALKABLE_FLOWER_ENCOUNTER,3
23,9,50,23,9,G,WALKABLE_SHORT_GRASS,0
24,9,50,24,9,G,WALKABLE_SHORT_GRASS,0
25,9,50,25,9,G,WALKABLE_SHORT_GRASS,0
26,9,50,26,9,G,WALKABLE_SHORT_GRASS,0
27,9,50,27,9,G,WALKABLE_SHORT_GRASS,0
28,9,50,28,9,G,WALKABLE_SHORT_GRASS,0
29,9,50,29,9,G,WALKABLE_SHORT_GRASS,0
30,9,50,30,9,G,WALKABLE_SHORT_GRASS,0
31,9,50,31,9,G,WALKABLE_SHORT_GRASS,0
32,9,51,0,9,G,WALKABLE_SHORT_GRASS,0
33,9,51,1,9,G,WALKABLE_SHORT_GRASS,0
34,9,51,2,9,G,WALKABLE_SHORT_GRASS,0
35,9,51,3,9,G,WALKABLE_SHORT_GRASS,0
36,9,51,4,9,G,WALKABLE_SHORT_GRASS,0
37,9,51,5,9,G,WALKABLE_SHORT_GRASS,0
38,9,51,6,9,G,WALKABLE_SHORT_GRASS,0
39,9,51,7,9,G,WALKABLE_SHORT_GRASS,0
40,9,51,8,9,G,WALKABLE_SHORT_GRASS,0
41,9,51,9,9,F,WALKABLE_FLOWER_ENCOUNTER,3
42,9,51,10,9,F,WALKABLE_FLOWER_ENCOUNTER,3
43,9,51,11,9,F,WALKABLE_FLOWER_ENCOUNTER,3
44,9,51,12,9,F,WALKABLE_FLOWER_ENCOUNTER,3
45,9,51,13,9,F,WALKABLE_FLOWER_ENCOUNTER,3
46,9,51,14,9,F,WALKABLE_FLOWER_ENCOUNTER,3
47,9,51,15,9,F,WALKABLE_FLOWER_ENCOUNTER,3
48,9,51,16,9,F,WALKABLE_FLOWER_ENCOUNTER,3
49,9,51,17,9,W,SURF_WATER,2
50,9,51,18,9,W,SURF_WATER,2
51,9,51,19,9,W,SURF_WATER,2
52,9,51,20,9,W,SURF_WATER,2
53,9,51,21,9,W,SURF_WATER,2
54,9,51,22,9,W,SURF_WATER,2
55,9,51,23,9,F,WALKABLE_FLOWER_ENCOUNTER,3
56,9,51,24,9,F,WALKABLE_FLOWER_ENCOUNTER,3
57,9,51,25,9,F,WALKABLE_FLOWER_ENCOUNTER,3
58,9,51,26,9,F,WALKABLE_FLOWER_ENCOUNTER,3
59,9,51,27,9,G,WALKABLE_SHORT_GRASS,0
60,9,51,28,9,G,WALKABLE_SHORT_GRASS,0
61,9,51,29,9,G,WALKABLE_SHORT_GRASS,0
62,9,51,30,9,T,BLOCKED_TREE_WALL,1
63,9,51,31,9,T,BLOCKED_TREE_WALL,1
0,10,50,0,10,T,BLOCKED_TREE_WALL,1
1,10,50,1,10,T,BLOCKED_TREE_WALL,1
2,10,50,2,10,G,WALKABLE_SHORT_GRASS,0
3,10,50,3,10,G,WALKABLE_SHORT_GRASS,0
4,10,50,4,10,G,WALKABLE_SHORT_GRASS,0
5,10,50,5,10,F,WALKABLE_FLOWER_ENCOUNTER,3
6,10,50,6,10,F,WALKABLE_FLOWER_ENCOUNTER,3
7,10,50,7,10,F,WALKABLE_FLOWER_ENCOUNTER,3
8,10,50,8,10,F,WALKABLE_FLOWER_ENCOUNTER,3
9,10,50,9,10,F,WALKABLE_FLOWER_ENCOUNTER,3
10,10,50,10,10,F,WALKABLE_FLOWER_ENCOUNTER,3
11,10,50,11,10,F,WALKABLE_FLOWER_ENCOUNTER,3
12,10,50,12,10,F,WALKABLE_FLOWER_ENCOUNTER,3
13,10,50,13,10,F,WALKABLE_FLOWER_ENCOUNTER,3
14,10,50,14,10,F,WALKABLE_FLOWER_ENCOUNTER,3
15,10,50,15,10,F,WALKABLE_FLOWER_ENCOUNTER,3
16,10,50,16,10,F,WALKABLE_FLOWER_ENCOUNTER,3
17,10,50,17,10,F,WALKABLE_FLOWER_ENCOUNTER,3
18,10,50,18,10,F,WALKABLE_FLOWER_ENCOUNTER,3
19,10,50,19,10,F,WALKABLE_FLOWER_ENCOUNTER,3
20,10,50,20,10,F,WALKABLE_FLOWER_ENCOUNTER,3
21,10,50,21,10,F,WALKABLE_FLOWER_ENCOUNTER,3
22,10,50,22,10,F,WALKABLE_FLOWER_ENCOUNTER,3
23,10,50,23,10,G,WALKABLE_SHORT_GRASS,0
24,10,50,24,10,G,WALKABLE_SHORT_GRASS,0
25,10,50,25,10,G,WALKABLE_SHORT_GRASS,0
26,10,50,26,10,G,WALKABLE_SHORT_GRASS,0
27,10,50,27,10,G,WALKABLE_SHORT_GRASS,0
28,10,50,28,10,G,WALKABLE_SHORT_GRASS,0
29,10,50,29,10,G,WALKABLE_SHORT_GRASS,0
30,10,50,30,10,G,WALKABLE_SHORT_GRASS,0
31,10,50,31,10,G,WALKABLE_SHORT_GRASS,0
32,10,51,0,10,G,WALKABLE_SHORT_GRASS,0
33,10,51,1,10,G,WALKABLE_SHORT_GRASS,0
34,10,51,2,10,G,WALKABLE_SHORT_GRASS,0
35,10,51,3,10,G,WALKABLE_SHORT_GRASS,0
36,10,51,4,10,G,WALKABLE_SHORT_GRASS,0
37,10,51,5,10,G,WALKABLE_SHORT_GRASS,0
38,10,51,6,10,G,WALKABLE_SHORT_GRASS,0
39,10,51,7,10,G,WALKABLE_SHORT_GRASS,0
40,10,51,8,10,G,WALKABLE_SHORT_GRASS,0
41,10,51,9,10,F,WALKABLE_FLOWER_ENCOUNTER,3
42,10,51,10,10,F,WALKABLE_FLOWER_ENCOUNTER,3
43,10,51,11,10,F,WALKABLE_FLOWER_ENCOUNTER,3
44,10,51,12,10,F,WALKABLE_FLOWER_ENCOUNTER,3
45,10,51,13,10,F,WALKABLE_FLOWER_ENCOUNTER,3
46,10,51,14,10,F,WALKABLE_FLOWER_ENCOUNTER,3
47,10,51,15,10,F,WALKABLE_FLOWER_ENCOUNTER,3
48,10,51,16,10,F,WALKABLE_FLOWER_ENCOUNTER,3
49,10,51,17,10,F,WALKABLE_FLOWER_ENCOUNTER,3
50,10,51,18,10,F,WALKABLE_FLOWER_ENCOUNTER,3
51,10,51,19,10,F,WALKABLE_FLOWER_ENCOUNTER,3
52,10,51,20,10,F,WALKABLE_FLOWER_ENCOUNTER,3
53,10,51,21,10,F,WALKABLE_FLOWER_ENCOUNTER,3
54,10,51,22,10,F,WALKABLE_FLOWER_ENCOUNTER,3
55,10,51,23,10,F,WALKABLE_FLOWER_ENCOUNTER,3
56,10,51,24,10,F,WALKABLE_FLOWER_ENCOUNTER,3
57,10,51,25,10,F,WALKABLE_FLOWER_ENCOUNTER,3
58,10,51,26,10,F,WALKABLE_FLOWER_ENCOUNTER,3
59,10,51,27,10,G,WALKABLE_SHORT_GRASS,0
60,10,51,28,10,G,WALKABLE_SHORT_GRASS,0
61,10,51,29,10,G,WALKABLE_SHORT_GRASS,0
62,10,51,30,10,T,BLOCKED_TREE_WALL,1
63,10,51,31,10,T,BLOCKED_TREE_WALL,1
0,11,50,0,11,T,BLOCKED_TREE_WALL,1
1,11,50,1,11,T,BLOCKED_TREE_WALL,1
2,11,50,2,11,G,WALKABLE_SHORT_GRASS,0
3,11,50,3,11,G,WALKABLE_SHORT_GRASS,0
4,11,50,4,11,G,WALKABLE_SHORT_GRASS,0
5,11,50,5,11,F,WALKABLE_FLOWER_ENCOUNTER,3
6,11,50,6,11,F,WALKABLE_FLOWER_ENCOUNTER,3
7,11,50,7,11,F,WALKABLE_FLOWER_ENCOUNTER,3
8,11,50,8,11,F,WALKABLE_FLOWER_ENCOUNTER,3
9,11,50,9,11,F,WALKABLE_FLOWER_ENCOUNTER,3
10,11,50,10,11,F,WALKABLE_FLOWER_ENCOUNTER,3
11,11,50,11,11,F,WALKABLE_FLOWER_ENCOUNTER,3
12,11,50,12,11,F,WALKABLE_FLOWER_ENCOUNTER,3
13,11,50,13,11,F,WALKABLE_FLOWER_ENCOUNTER,3
14,11,50,14,11,F,WALKABLE_FLOWER_ENCOUNTER,3
15,11,50,15,11,F,WALKABLE_FLOWER_ENCOUNTER,3
16,11,50,16,11,F,WALKABLE_FLOWER_ENCOUNTER,3
17,11,50,17,11,F,WALKABLE_FLOWER_ENCOUNTER,3
18,11,50,18,11,F,WALKABLE_FLOWER_ENCOUNTER,3
19,11,50,19,11,F,WALKABLE_FLOWER_ENCOUNTER,3
20,11,50,20,11,F,WALKABLE_FLOWER_ENCOUNTER,3
21,11,50,21,11,F,WALKABLE_FLOWER_ENCOUNTER,3
22,11,50,22,11,F,WALKABLE_FLOWER_ENCOUNTER,3
23,11,50,23,11,G,WALKABLE_SHORT_GRASS,0
24,11,50,24,11,G,WALKABLE_SHORT_GRASS,0
25,11,50,25,11,G,WALKABLE_SHORT_GRASS,0
26,11,50,26,11,G,WALKABLE_SHORT_GRASS,0
27,11,50,27,11,G,WALKABLE_SHORT_GRASS,0
28,11,50,28,11,G,WALKABLE_SHORT_GRASS,0
29,11,50,29,11,G,WALKABLE_SHORT_GRASS,0
30,11,50,30,11,G,WALKABLE_SHORT_GRASS,0
31,11,50,31,11,G,WALKABLE_SHORT_GRASS,0
32,11,51,0,11,G,WALKABLE_SHORT_GRASS,0
33,11,51,1,11,G,WALKABLE_SHORT_GRASS,0
34,11,51,2,11,G,WALKABLE_SHORT_GRASS,0
35,11,51,3,11,G,WALKABLE_SHORT_GRASS,0
36,11,51,4,11,G,WALKABLE_SHORT_GRASS,0
37,11,51,5,11,G,WALKABLE_SHORT_GRASS,0
38,11,51,6,11,G,WALKABLE_SHORT_GRASS,0
39,11,51,7,11,G,WALKABLE_SHORT_GRASS,0
40,11,51,8,11,G,WALKABLE_SHORT_GRASS,0
41,11,51,9,11,F,WALKABLE_FLOWER_ENCOUNTER,3
42,11,51,10,11,F,WALKABLE_FLOWER_ENCOUNTER,3
43,11,51,11,11,F,WALKABLE_FLOWER_ENCOUNTER,3
44,11,51,12,11,F,WALKABLE_FLOWER_ENCOUNTER,3
45,11,51,13,11,F,WALKABLE_FLOWER_ENCOUNTER,3
46,11,51,14,11,F,WALKABLE_FLOWER_ENCOUNTER,3
47,11,51,15,11,F,WALKABLE_FLOWER_ENCOUNTER,3
48,11,51,16,11,F,WALKABLE_FLOWER_ENCOUNTER,3
49,11,51,17,11,F,WALKABLE_FLOWER_ENCOUNTER,3
50,11,51,18,11,F,WALKABLE_FLOWER_ENCOUNTER,3
51,11,51,19,11,F,WALKABLE_FLOWER_ENCOUNTER,3
52,11,51,20,11,F,WALKABLE_FLOWER_ENCOUNTER,3
53,11,51,21,11,F,WALKABLE_FLOWER_ENCOUNTER,3
54,11,51,22,11,F,WALKABLE_FLOWER_ENCOUNTER,3
55,11,51,23,11,F,WALKABLE_FLOWER_ENCOUNTER,3
56,11,51,24,11,F,WALKABLE_FLOWER_ENCOUNTER,3
57,11,51,25,11,F,WALKABLE_FLOWER_ENCOUNTER,3
58,11,51,26,11,F,WALKABLE_FLOWER_ENCOUNTER,3
59,11,51,27,11,G,WALKABLE_SHORT_GRASS,0
60,11,51,28,11,G,WALKABLE_SHORT_GRASS,0
61,11,51,29,11,G,WALKABLE_SHORT_GRASS,0
62,11,51,30,11,T,BLOCKED_TREE_WALL,1
63,11,51,31,11,T,BLOCKED_TREE_WALL,1
0,12,50,0,12,T,BLOCKED_TREE_WALL,1
1,12,50,1,12,T,BLOCKED_TREE_WALL,1
2,12,50,2,12,G,WALKABLE_SHORT_GRASS,0
3,12,50,3,12,G,WALKABLE_SHORT_GRASS,0
4,12,50,4,12,L,BLOCKED_TERRACE_LEDGE,1
5,12,50,5,12,L,BLOCKED_TERRACE_LEDGE,1
6,12,50,6,12,L,BLOCKED_TERRACE_LEDGE,1
7,12,50,7,12,L,BLOCKED_TERRACE_LEDGE,1
8,12,50,8,12,L,BLOCKED_TERRACE_LEDGE,1
9,12,50,9,12,L,BLOCKED_TERRACE_LEDGE,1
10,12,50,10,12,L,BLOCKED_TERRACE_LEDGE,1
11,12,50,11,12,L,BLOCKED_TERRACE_LEDGE,1
12,12,50,12,12,L,BLOCKED_TERRACE_LEDGE,1
13,12,50,13,12,L,BLOCKED_TERRACE_LEDGE,1
14,12,50,14,12,S,WALKABLE_STAIRS,0
15,12,50,15,12,S,WALKABLE_STAIRS,0
16,12,50,16,12,S,WALKABLE_STAIRS,0
17,12,50,17,12,L,BLOCKED_TERRACE_LEDGE,1
18,12,50,18,12,L,BLOCKED_TERRACE_LEDGE,1
19,12,50,19,12,L,BLOCKED_TERRACE_LEDGE,1
20,12,50,20,12,L,BLOCKED_TERRACE_LEDGE,1
21,12,50,21,12,L,BLOCKED_TERRACE_LEDGE,1
22,12,50,22,12,L,BLOCKED_TERRACE_LEDGE,1
23,12,50,23,12,L,BLOCKED_TERRACE_LEDGE,1
24,12,50,24,12,L,BLOCKED_TERRACE_LEDGE,1
25,12,50,25,12,L,BLOCKED_TERRACE_LEDGE,1
26,12,50,26,12,G,WALKABLE_SHORT_GRASS,0
27,12,50,27,12,G,WALKABLE_SHORT_GRASS,0
28,12,50,28,12,G,WALKABLE_SHORT_GRASS,0
29,12,50,29,12,G,WALKABLE_SHORT_GRASS,0
30,12,50,30,12,G,WALKABLE_SHORT_GRASS,0
31,12,50,31,12,G,WALKABLE_SHORT_GRASS,0
32,12,51,0,12,G,WALKABLE_SHORT_GRASS,0
33,12,51,1,12,G,WALKABLE_SHORT_GRASS,0
34,12,51,2,12,G,WALKABLE_SHORT_GRASS,0
35,12,51,3,12,G,WALKABLE_SHORT_GRASS,0
36,12,51,4,12,G,WALKABLE_SHORT_GRASS,0
37,12,51,5,12,G,WALKABLE_SHORT_GRASS,0
38,12,51,6,12,L,BLOCKED_TERRACE_LEDGE,1
39,12,51,7,12,L,BLOCKED_TERRACE_LEDGE,1
40,12,51,8,12,L,BLOCKED_TERRACE_LEDGE,1
41,12,51,9,12,L,BLOCKED_TERRACE_LEDGE,1
42,12,51,10,12,L,BLOCKED_TERRACE_LEDGE,1
43,12,51,11,12,L,BLOCKED_TERRACE_LEDGE,1
44,12,51,12,12,L,BLOCKED_TERRACE_LEDGE,1
45,12,51,13,12,L,BLOCKED_TERRACE_LEDGE,1
46,12,51,14,12,L,BLOCKED_TERRACE_LEDGE,1
47,12,51,15,12,S,WALKABLE_STAIRS,0
48,12,51,16,12,S,WALKABLE_STAIRS,0
49,12,51,17,12,S,WALKABLE_STAIRS,0
50,12,51,18,12,L,BLOCKED_TERRACE_LEDGE,1
51,12,51,19,12,L,BLOCKED_TERRACE_LEDGE,1
52,12,51,20,12,L,BLOCKED_TERRACE_LEDGE,1
53,12,51,21,12,L,BLOCKED_TERRACE_LEDGE,1
54,12,51,22,12,L,BLOCKED_TERRACE_LEDGE,1
55,12,51,23,12,L,BLOCKED_TERRACE_LEDGE,1
56,12,51,24,12,L,BLOCKED_TERRACE_LEDGE,1
57,12,51,25,12,L,BLOCKED_TERRACE_LEDGE,1
58,12,51,26,12,L,BLOCKED_TERRACE_LEDGE,1
59,12,51,27,12,L,BLOCKED_TERRACE_LEDGE,1
60,12,51,28,12,G,WALKABLE_SHORT_GRASS,0
61,12,51,29,12,G,WALKABLE_SHORT_GRASS,0
62,12,51,30,12,T,BLOCKED_TREE_WALL,1
63,12,51,31,12,T,BLOCKED_TREE_WALL,1
0,13,50,0,13,T,BLOCKED_TREE_WALL,1
1,13,50,1,13,T,BLOCKED_TREE_WALL,1
2,13,50,2,13,G,WALKABLE_SHORT_GRASS,0
3,13,50,3,13,G,WALKABLE_SHORT_GRASS,0
4,13,50,4,13,G,WALKABLE_SHORT_GRASS,0
5,13,50,5,13,G,WALKABLE_SHORT_GRASS,0
6,13,50,6,13,G,WALKABLE_SHORT_GRASS,0
7,13,50,7,13,G,WALKABLE_SHORT_GRASS,0
8,13,50,8,13,G,WALKABLE_SHORT_GRASS,0
9,13,50,9,13,G,WALKABLE_SHORT_GRASS,0
10,13,50,10,13,G,WALKABLE_SHORT_GRASS,0
11,13,50,11,13,G,WALKABLE_SHORT_GRASS,0
12,13,50,12,13,G,WALKABLE_SHORT_GRASS,0
13,13,50,13,13,G,WALKABLE_SHORT_GRASS,0
14,13,50,14,13,G,WALKABLE_SHORT_GRASS,0
15,13,50,15,13,G,WALKABLE_SHORT_GRASS,0
16,13,50,16,13,G,WALKABLE_SHORT_GRASS,0
17,13,50,17,13,G,WALKABLE_SHORT_GRASS,0
18,13,50,18,13,G,WALKABLE_SHORT_GRASS,0
19,13,50,19,13,G,WALKABLE_SHORT_GRASS,0
20,13,50,20,13,G,WALKABLE_SHORT_GRASS,0
21,13,50,21,13,G,WALKABLE_SHORT_GRASS,0
22,13,50,22,13,G,WALKABLE_SHORT_GRASS,0
23,13,50,23,13,G,WALKABLE_SHORT_GRASS,0
24,13,50,24,13,G,WALKABLE_SHORT_GRASS,0
25,13,50,25,13,G,WALKABLE_SHORT_GRASS,0
26,13,50,26,13,G,WALKABLE_SHORT_GRASS,0
27,13,50,27,13,P,WALKABLE_PALE_PATH,0
28,13,50,28,13,P,WALKABLE_PALE_PATH,0
29,13,50,29,13,P,WALKABLE_PALE_PATH,0
30,13,50,30,13,P,WALKABLE_PALE_PATH,0
31,13,50,31,13,P,WALKABLE_PALE_PATH,0
32,13,51,0,13,P,WALKABLE_PALE_PATH,0
33,13,51,1,13,P,WALKABLE_PALE_PATH,0
34,13,51,2,13,P,WALKABLE_PALE_PATH,0
35,13,51,3,13,P,WALKABLE_PALE_PATH,0
36,13,51,4,13,P,WALKABLE_PALE_PATH,0
37,13,51,5,13,G,WALKABLE_SHORT_GRASS,0
38,13,51,6,13,G,WALKABLE_SHORT_GRASS,0
39,13,51,7,13,G,WALKABLE_SHORT_GRASS,0
40,13,51,8,13,G,WALKABLE_SHORT_GRASS,0
41,13,51,9,13,G,WALKABLE_SHORT_GRASS,0
42,13,51,10,13,G,WALKABLE_SHORT_GRASS,0
43,13,51,11,13,G,WALKABLE_SHORT_GRASS,0
44,13,51,12,13,G,WALKABLE_SHORT_GRASS,0
45,13,51,13,13,G,WALKABLE_SHORT_GRASS,0
46,13,51,14,13,G,WALKABLE_SHORT_GRASS,0
47,13,51,15,13,G,WALKABLE_SHORT_GRASS,0
48,13,51,16,13,G,WALKABLE_SHORT_GRASS,0
49,13,51,17,13,G,WALKABLE_SHORT_GRASS,0
50,13,51,18,13,G,WALKABLE_SHORT_GRASS,0
51,13,51,19,13,G,WALKABLE_SHORT_GRASS,0
52,13,51,20,13,G,WALKABLE_SHORT_GRASS,0
53,13,51,21,13,G,WALKABLE_SHORT_GRASS,0
54,13,51,22,13,G,WALKABLE_SHORT_GRASS,0
55,13,51,23,13,G,WALKABLE_SHORT_GRASS,0
56,13,51,24,13,G,WALKABLE_SHORT_GRASS,0
57,13,51,25,13,G,WALKABLE_SHORT_GRASS,0
58,13,51,26,13,G,WALKABLE_SHORT_GRASS,0
59,13,51,27,13,G,WALKABLE_SHORT_GRASS,0
60,13,51,28,13,G,WALKABLE_SHORT_GRASS,0
61,13,51,29,13,G,WALKABLE_SHORT_GRASS,0
62,13,51,30,13,T,BLOCKED_TREE_WALL,1
63,13,51,31,13,T,BLOCKED_TREE_WALL,1
0,14,50,0,14,T,BLOCKED_TREE_WALL,1
1,14,50,1,14,T,BLOCKED_TREE_WALL,1
2,14,50,2,14,G,WALKABLE_SHORT_GRASS,0
3,14,50,3,14,G,WALKABLE_SHORT_GRASS,0
4,14,50,4,14,G,WALKABLE_SHORT_GRASS,0
5,14,50,5,14,G,WALKABLE_SHORT_GRASS,0
6,14,50,6,14,G,WALKABLE_SHORT_GRASS,0
7,14,50,7,14,G,WALKABLE_SHORT_GRASS,0
8,14,50,8,14,G,WALKABLE_SHORT_GRASS,0
9,14,50,9,14,G,WALKABLE_SHORT_GRASS,0
10,14,50,10,14,G,WALKABLE_SHORT_GRASS,0
11,14,50,11,14,G,WALKABLE_SHORT_GRASS,0
12,14,50,12,14,G,WALKABLE_SHORT_GRASS,0
13,14,50,13,14,G,WALKABLE_SHORT_GRASS,0
14,14,50,14,14,G,WALKABLE_SHORT_GRASS,0
15,14,50,15,14,G,WALKABLE_SHORT_GRASS,0
16,14,50,16,14,G,WALKABLE_SHORT_GRASS,0
17,14,50,17,14,G,WALKABLE_SHORT_GRASS,0
18,14,50,18,14,G,WALKABLE_SHORT_GRASS,0
19,14,50,19,14,W,SURF_WATER,2
20,14,50,20,14,W,SURF_WATER,2
21,14,50,21,14,W,SURF_WATER,2
22,14,50,22,14,W,SURF_WATER,2
23,14,50,23,14,W,SURF_WATER,2
24,14,50,24,14,W,SURF_WATER,2
25,14,50,25,14,W,SURF_WATER,2
26,14,50,26,14,W,SURF_WATER,2
27,14,50,27,14,P,WALKABLE_PALE_PATH,0
28,14,50,28,14,P,WALKABLE_PALE_PATH,0
29,14,50,29,14,G,WALKABLE_SHORT_GRASS,0
30,14,50,30,14,G,WALKABLE_SHORT_GRASS,0
31,14,50,31,14,G,WALKABLE_SHORT_GRASS,0
32,14,51,0,14,G,WALKABLE_SHORT_GRASS,0
33,14,51,1,14,G,WALKABLE_SHORT_GRASS,0
34,14,51,2,14,G,WALKABLE_SHORT_GRASS,0
35,14,51,3,14,P,WALKABLE_PALE_PATH,0
36,14,51,4,14,P,WALKABLE_PALE_PATH,0
37,14,51,5,14,W,SURF_WATER,2
38,14,51,6,14,W,SURF_WATER,2
39,14,51,7,14,W,SURF_WATER,2
40,14,51,8,14,W,SURF_WATER,2
41,14,51,9,14,W,SURF_WATER,2
42,14,51,10,14,W,SURF_WATER,2
43,14,51,11,14,W,SURF_WATER,2
44,14,51,12,14,W,SURF_WATER,2
45,14,51,13,14,G,WALKABLE_SHORT_GRASS,0
46,14,51,14,14,G,WALKABLE_SHORT_GRASS,0
47,14,51,15,14,G,WALKABLE_SHORT_GRASS,0
48,14,51,16,14,G,WALKABLE_SHORT_GRASS,0
49,14,51,17,14,G,WALKABLE_SHORT_GRASS,0
50,14,51,18,14,G,WALKABLE_SHORT_GRASS,0
51,14,51,19,14,G,WALKABLE_SHORT_GRASS,0
52,14,51,20,14,G,WALKABLE_SHORT_GRASS,0
53,14,51,21,14,G,WALKABLE_SHORT_GRASS,0
54,14,51,22,14,G,WALKABLE_SHORT_GRASS,0
55,14,51,23,14,G,WALKABLE_SHORT_GRASS,0
56,14,51,24,14,G,WALKABLE_SHORT_GRASS,0
57,14,51,25,14,G,WALKABLE_SHORT_GRASS,0
58,14,51,26,14,G,WALKABLE_SHORT_GRASS,0
59,14,51,27,14,G,WALKABLE_SHORT_GRASS,0
60,14,51,28,14,G,WALKABLE_SHORT_GRASS,0
61,14,51,29,14,G,WALKABLE_SHORT_GRASS,0
62,14,51,30,14,T,BLOCKED_TREE_WALL,1
63,14,51,31,14,T,BLOCKED_TREE_WALL,1
0,15,50,0,15,T,BLOCKED_TREE_WALL,1
1,15,50,1,15,T,BLOCKED_TREE_WALL,1
2,15,50,2,15,G,WALKABLE_SHORT_GRASS,0
3,15,50,3,15,G,WALKABLE_SHORT_GRASS,0
4,15,50,4,15,G,WALKABLE_SHORT_GRASS,0
5,15,50,5,15,G,WALKABLE_SHORT_GRASS,0
6,15,50,6,15,G,WALKABLE_SHORT_GRASS,0
7,15,50,7,15,G,WALKABLE_SHORT_GRASS,0
8,15,50,8,15,G,WALKABLE_SHORT_GRASS,0
9,15,50,9,15,G,WALKABLE_SHORT_GRASS,0
10,15,50,10,15,G,WALKABLE_SHORT_GRASS,0
11,15,50,11,15,G,WALKABLE_SHORT_GRASS,0
12,15,50,12,15,G,WALKABLE_SHORT_GRASS,0
13,15,50,13,15,G,WALKABLE_SHORT_GRASS,0
14,15,50,14,15,G,WALKABLE_SHORT_GRASS,0
15,15,50,15,15,G,WALKABLE_SHORT_GRASS,0
16,15,50,16,15,G,WALKABLE_SHORT_GRASS,0
17,15,50,17,15,G,WALKABLE_SHORT_GRASS,0
18,15,50,18,15,G,WALKABLE_SHORT_GRASS,0
19,15,50,19,15,W,SURF_WATER,2
20,15,50,20,15,W,SURF_WATER,2
21,15,50,21,15,W,SURF_WATER,2
22,15,50,22,15,W,SURF_WATER,2
23,15,50,23,15,W,SURF_WATER,2
24,15,50,24,15,W,SURF_WATER,2
25,15,50,25,15,W,SURF_WATER,2
26,15,50,26,15,W,SURF_WATER,2
27,15,50,27,15,P,WALKABLE_PALE_PATH,0
28,15,50,28,15,P,WALKABLE_PALE_PATH,0
29,15,50,29,15,G,WALKABLE_SHORT_GRASS,0
30,15,50,30,15,G,WALKABLE_SHORT_GRASS,0
31,15,50,31,15,R,BLOCKED_SHRINE_PLINTH,1
32,15,51,0,15,R,BLOCKED_SHRINE_PLINTH,1
33,15,51,1,15,G,WALKABLE_SHORT_GRASS,0
34,15,51,2,15,G,WALKABLE_SHORT_GRASS,0
35,15,51,3,15,P,WALKABLE_PALE_PATH,0
36,15,51,4,15,P,WALKABLE_PALE_PATH,0
37,15,51,5,15,W,SURF_WATER,2
38,15,51,6,15,W,SURF_WATER,2
39,15,51,7,15,W,SURF_WATER,2
40,15,51,8,15,W,SURF_WATER,2
41,15,51,9,15,W,SURF_WATER,2
42,15,51,10,15,W,SURF_WATER,2
43,15,51,11,15,W,SURF_WATER,2
44,15,51,12,15,W,SURF_WATER,2
45,15,51,13,15,G,WALKABLE_SHORT_GRASS,0
46,15,51,14,15,G,WALKABLE_SHORT_GRASS,0
47,15,51,15,15,G,WALKABLE_SHORT_GRASS,0
48,15,51,16,15,G,WALKABLE_SHORT_GRASS,0
49,15,51,17,15,G,WALKABLE_SHORT_GRASS,0
50,15,51,18,15,G,WALKABLE_SHORT_GRASS,0
51,15,51,19,15,G,WALKABLE_SHORT_GRASS,0
52,15,51,20,15,G,WALKABLE_SHORT_GRASS,0
53,15,51,21,15,G,WALKABLE_SHORT_GRASS,0
54,15,51,22,15,G,WALKABLE_SHORT_GRASS,0
55,15,51,23,15,G,WALKABLE_SHORT_GRASS,0
56,15,51,24,15,G,WALKABLE_SHORT_GRASS,0
57,15,51,25,15,G,WALKABLE_SHORT_GRASS,0
58,15,51,26,15,G,WALKABLE_SHORT_GRASS,0
59,15,51,27,15,G,WALKABLE_SHORT_GRASS,0
60,15,51,28,15,G,WALKABLE_SHORT_GRASS,0
61,15,51,29,15,G,WALKABLE_SHORT_GRASS,0
62,15,51,30,15,T,BLOCKED_TREE_WALL,1
63,15,51,31,15,T,BLOCKED_TREE_WALL,1
0,16,50,0,16,T,BLOCKED_TREE_WALL,1
1,16,50,1,16,T,BLOCKED_TREE_WALL,1
2,16,50,2,16,G,WALKABLE_SHORT_GRASS,0
3,16,50,3,16,G,WALKABLE_SHORT_GRASS,0
4,16,50,4,16,G,WALKABLE_SHORT_GRASS,0
5,16,50,5,16,G,WALKABLE_SHORT_GRASS,0
6,16,50,6,16,G,WALKABLE_SHORT_GRASS,0
7,16,50,7,16,G,WALKABLE_SHORT_GRASS,0
8,16,50,8,16,G,WALKABLE_SHORT_GRASS,0
9,16,50,9,16,G,WALKABLE_SHORT_GRASS,0
10,16,50,10,16,G,WALKABLE_SHORT_GRASS,0
11,16,50,11,16,G,WALKABLE_SHORT_GRASS,0
12,16,50,12,16,G,WALKABLE_SHORT_GRASS,0
13,16,50,13,16,G,WALKABLE_SHORT_GRASS,0
14,16,50,14,16,G,WALKABLE_SHORT_GRASS,0
15,16,50,15,16,G,WALKABLE_SHORT_GRASS,0
16,16,50,16,16,G,WALKABLE_SHORT_GRASS,0
17,16,50,17,16,G,WALKABLE_SHORT_GRASS,0
18,16,50,18,16,G,WALKABLE_SHORT_GRASS,0
19,16,50,19,16,W,SURF_WATER,2
20,16,50,20,16,W,SURF_WATER,2
21,16,50,21,16,W,SURF_WATER,2
22,16,50,22,16,W,SURF_WATER,2
23,16,50,23,16,W,SURF_WATER,2
24,16,50,24,16,W,SURF_WATER,2
25,16,50,25,16,W,SURF_WATER,2
26,16,50,26,16,W,SURF_WATER,2
27,16,50,27,16,P,WALKABLE_PALE_PATH,0
28,16,50,28,16,P,WALKABLE_PALE_PATH,0
29,16,50,29,16,G,WALKABLE_SHORT_GRASS,0
30,16,50,30,16,G,WALKABLE_SHORT_GRASS,0
31,16,50,31,16,R,BLOCKED_SHRINE_PLINTH,1
32,16,51,0,16,R,BLOCKED_SHRINE_PLINTH,1
33,16,51,1,16,G,WALKABLE_SHORT_GRASS,0
34,16,51,2,16,G,WALKABLE_SHORT_GRASS,0
35,16,51,3,16,P,WALKABLE_PALE_PATH,0
36,16,51,4,16,P,WALKABLE_PALE_PATH,0
37,16,51,5,16,W,SURF_WATER,2
38,16,51,6,16,W,SURF_WATER,2
39,16,51,7,16,W,SURF_WATER,2
40,16,51,8,16,W,SURF_WATER,2
41,16,51,9,16,W,SURF_WATER,2
42,16,51,10,16,W,SURF_WATER,2
43,16,51,11,16,W,SURF_WATER,2
44,16,51,12,16,W,SURF_WATER,2
45,16,51,13,16,G,WALKABLE_SHORT_GRASS,0
46,16,51,14,16,G,WALKABLE_SHORT_GRASS,0
47,16,51,15,16,G,WALKABLE_SHORT_GRASS,0
48,16,51,16,16,G,WALKABLE_SHORT_GRASS,0
49,16,51,17,16,G,WALKABLE_SHORT_GRASS,0
50,16,51,18,16,G,WALKABLE_SHORT_GRASS,0
51,16,51,19,16,G,WALKABLE_SHORT_GRASS,0
52,16,51,20,16,G,WALKABLE_SHORT_GRASS,0
53,16,51,21,16,G,WALKABLE_SHORT_GRASS,0
54,16,51,22,16,G,WALKABLE_SHORT_GRASS,0
55,16,51,23,16,G,WALKABLE_SHORT_GRASS,0
56,16,51,24,16,G,WALKABLE_SHORT_GRASS,0
57,16,51,25,16,G,WALKABLE_SHORT_GRASS,0
58,16,51,26,16,G,WALKABLE_SHORT_GRASS,0
59,16,51,27,16,G,WALKABLE_SHORT_GRASS,0
60,16,51,28,16,G,WALKABLE_SHORT_GRASS,0
61,16,51,29,16,G,WALKABLE_SHORT_GRASS,0
62,16,51,30,16,T,BLOCKED_TREE_WALL,1
63,16,51,31,16,T,BLOCKED_TREE_WALL,1
0,17,50,0,17,T,BLOCKED_TREE_WALL,1
1,17,50,1,17,T,BLOCKED_TREE_WALL,1
2,17,50,2,17,P,WALKABLE_PALE_PATH,0
3,17,50,3,17,P,WALKABLE_PALE_PATH,0
4,17,50,4,17,P,WALKABLE_PALE_PATH,0
5,17,50,5,17,P,WALKABLE_PALE_PATH,0
6,17,50,6,17,P,WALKABLE_PALE_PATH,0
7,17,50,7,17,P,WALKABLE_PALE_PATH,0
8,17,50,8,17,P,WALKABLE_PALE_PATH,0
9,17,50,9,17,P,WALKABLE_PALE_PATH,0
10,17,50,10,17,P,WALKABLE_PALE_PATH,0
11,17,50,11,17,P,WALKABLE_PALE_PATH,0
12,17,50,12,17,P,WALKABLE_PALE_PATH,0
13,17,50,13,17,P,WALKABLE_PALE_PATH,0
14,17,50,14,17,P,WALKABLE_PALE_PATH,0
15,17,50,15,17,P,WALKABLE_PALE_PATH,0
16,17,50,16,17,P,WALKABLE_PALE_PATH,0
17,17,50,17,17,P,WALKABLE_PALE_PATH,0
18,17,50,18,17,P,WALKABLE_PALE_PATH,0
19,17,50,19,17,P,WALKABLE_PALE_PATH,0
20,17,50,20,17,P,WALKABLE_PALE_PATH,0
21,17,50,21,17,P,WALKABLE_PALE_PATH,0
22,17,50,22,17,P,WALKABLE_PALE_PATH,0
23,17,50,23,17,P,WALKABLE_PALE_PATH,0
24,17,50,24,17,P,WALKABLE_PALE_PATH,0
25,17,50,25,17,G,WALKABLE_SHORT_GRASS,0
26,17,50,26,17,G,WALKABLE_SHORT_GRASS,0
27,17,50,27,17,P,WALKABLE_PALE_PATH,0
28,17,50,28,17,P,WALKABLE_PALE_PATH,0
29,17,50,29,17,G,WALKABLE_SHORT_GRASS,0
30,17,50,30,17,G,WALKABLE_SHORT_GRASS,0
31,17,50,31,17,G,WALKABLE_SHORT_GRASS,0
32,17,51,0,17,G,WALKABLE_SHORT_GRASS,0
33,17,51,1,17,G,WALKABLE_SHORT_GRASS,0
34,17,51,2,17,G,WALKABLE_SHORT_GRASS,0
35,17,51,3,17,P,WALKABLE_PALE_PATH,0
36,17,51,4,17,P,WALKABLE_PALE_PATH,0
37,17,51,5,17,G,WALKABLE_SHORT_GRASS,0
38,17,51,6,17,G,WALKABLE_SHORT_GRASS,0
39,17,51,7,17,G,WALKABLE_SHORT_GRASS,0
40,17,51,8,17,G,WALKABLE_SHORT_GRASS,0
41,17,51,9,17,G,WALKABLE_SHORT_GRASS,0
42,17,51,10,17,G,WALKABLE_SHORT_GRASS,0
43,17,51,11,17,G,WALKABLE_SHORT_GRASS,0
44,17,51,12,17,G,WALKABLE_SHORT_GRASS,0
45,17,51,13,17,G,WALKABLE_SHORT_GRASS,0
46,17,51,14,17,G,WALKABLE_SHORT_GRASS,0
47,17,51,15,17,G,WALKABLE_SHORT_GRASS,0
48,17,51,16,17,G,WALKABLE_SHORT_GRASS,0
49,17,51,17,17,G,WALKABLE_SHORT_GRASS,0
50,17,51,18,17,G,WALKABLE_SHORT_GRASS,0
51,17,51,19,17,G,WALKABLE_SHORT_GRASS,0
52,17,51,20,17,G,WALKABLE_SHORT_GRASS,0
53,17,51,21,17,G,WALKABLE_SHORT_GRASS,0
54,17,51,22,17,G,WALKABLE_SHORT_GRASS,0
55,17,51,23,17,G,WALKABLE_SHORT_GRASS,0
56,17,51,24,17,G,WALKABLE_SHORT_GRASS,0
57,17,51,25,17,G,WALKABLE_SHORT_GRASS,0
58,17,51,26,17,G,WALKABLE_SHORT_GRASS,0
59,17,51,27,17,G,WALKABLE_SHORT_GRASS,0
60,17,51,28,17,G,WALKABLE_SHORT_GRASS,0
61,17,51,29,17,G,WALKABLE_SHORT_GRASS,0
62,17,51,30,17,T,BLOCKED_TREE_WALL,1
63,17,51,31,17,T,BLOCKED_TREE_WALL,1
0,18,50,0,18,T,BLOCKED_TREE_WALL,1
1,18,50,1,18,T,BLOCKED_TREE_WALL,1
2,18,50,2,18,P,WALKABLE_PALE_PATH,0
3,18,50,3,18,P,WALKABLE_PALE_PATH,0
4,18,50,4,18,P,WALKABLE_PALE_PATH,0
5,18,50,5,18,P,WALKABLE_PALE_PATH,0
6,18,50,6,18,P,WALKABLE_PALE_PATH,0
7,18,50,7,18,P,WALKABLE_PALE_PATH,0
8,18,50,8,18,P,WALKABLE_PALE_PATH,0
9,18,50,9,18,P,WALKABLE_PALE_PATH,0
10,18,50,10,18,P,WALKABLE_PALE_PATH,0
11,18,50,11,18,P,WALKABLE_PALE_PATH,0
12,18,50,12,18,P,WALKABLE_PALE_PATH,0
13,18,50,13,18,P,WALKABLE_PALE_PATH,0
14,18,50,14,18,P,WALKABLE_PALE_PATH,0
15,18,50,15,18,P,WALKABLE_PALE_PATH,0
16,18,50,16,18,P,WALKABLE_PALE_PATH,0
17,18,50,17,18,P,WALKABLE_PALE_PATH,0
18,18,50,18,18,P,WALKABLE_PALE_PATH,0
19,18,50,19,18,P,WALKABLE_PALE_PATH,0
20,18,50,20,18,P,WALKABLE_PALE_PATH,0
21,18,50,21,18,P,WALKABLE_PALE_PATH,0
22,18,50,22,18,P,WALKABLE_PALE_PATH,0
23,18,50,23,18,P,WALKABLE_PALE_PATH,0
24,18,50,24,18,P,WALKABLE_PALE_PATH,0
25,18,50,25,18,P,WALKABLE_PALE_PATH,0
26,18,50,26,18,P,WALKABLE_PALE_PATH,0
27,18,50,27,18,P,WALKABLE_PALE_PATH,0
28,18,50,28,18,P,WALKABLE_PALE_PATH,0
29,18,50,29,18,P,WALKABLE_PALE_PATH,0
30,18,50,30,18,P,WALKABLE_PALE_PATH,0
31,18,50,31,18,P,WALKABLE_PALE_PATH,0
32,18,51,0,18,P,WALKABLE_PALE_PATH,0
33,18,51,1,18,P,WALKABLE_PALE_PATH,0
34,18,51,2,18,P,WALKABLE_PALE_PATH,0
35,18,51,3,18,P,WALKABLE_PALE_PATH,0
36,18,51,4,18,P,WALKABLE_PALE_PATH,0
37,18,51,5,18,P,WALKABLE_PALE_PATH,0
38,18,51,6,18,P,WALKABLE_PALE_PATH,0
39,18,51,7,18,P,WALKABLE_PALE_PATH,0
40,18,51,8,18,P,WALKABLE_PALE_PATH,0
41,18,51,9,18,G,WALKABLE_SHORT_GRASS,0
42,18,51,10,18,G,WALKABLE_SHORT_GRASS,0
43,18,51,11,18,G,WALKABLE_SHORT_GRASS,0
44,18,51,12,18,G,WALKABLE_SHORT_GRASS,0
45,18,51,13,18,G,WALKABLE_SHORT_GRASS,0
46,18,51,14,18,G,WALKABLE_SHORT_GRASS,0
47,18,51,15,18,G,WALKABLE_SHORT_GRASS,0
48,18,51,16,18,G,WALKABLE_SHORT_GRASS,0
49,18,51,17,18,G,WALKABLE_SHORT_GRASS,0
50,18,51,18,18,G,WALKABLE_SHORT_GRASS,0
51,18,51,19,18,G,WALKABLE_SHORT_GRASS,0
52,18,51,20,18,G,WALKABLE_SHORT_GRASS,0
53,18,51,21,18,G,WALKABLE_SHORT_GRASS,0
54,18,51,22,18,G,WALKABLE_SHORT_GRASS,0
55,18,51,23,18,G,WALKABLE_SHORT_GRASS,0
56,18,51,24,18,G,WALKABLE_SHORT_GRASS,0
57,18,51,25,18,G,WALKABLE_SHORT_GRASS,0
58,18,51,26,18,G,WALKABLE_SHORT_GRASS,0
59,18,51,27,18,G,WALKABLE_SHORT_GRASS,0
60,18,51,28,18,G,WALKABLE_SHORT_GRASS,0
61,18,51,29,18,G,WALKABLE_SHORT_GRASS,0
62,18,51,30,18,T,BLOCKED_TREE_WALL,1
63,18,51,31,18,T,BLOCKED_TREE_WALL,1
0,19,50,0,19,T,BLOCKED_TREE_WALL,1
1,19,50,1,19,T,BLOCKED_TREE_WALL,1
2,19,50,2,19,P,WALKABLE_PALE_PATH,0
3,19,50,3,19,P,WALKABLE_PALE_PATH,0
4,19,50,4,19,P,WALKABLE_PALE_PATH,0
5,19,50,5,19,P,WALKABLE_PALE_PATH,0
6,19,50,6,19,P,WALKABLE_PALE_PATH,0
7,19,50,7,19,P,WALKABLE_PALE_PATH,0
8,19,50,8,19,P,WALKABLE_PALE_PATH,0
9,19,50,9,19,P,WALKABLE_PALE_PATH,0
10,19,50,10,19,P,WALKABLE_PALE_PATH,0
11,19,50,11,19,P,WALKABLE_PALE_PATH,0
12,19,50,12,19,P,WALKABLE_PALE_PATH,0
13,19,50,13,19,P,WALKABLE_PALE_PATH,0
14,19,50,14,19,P,WALKABLE_PALE_PATH,0
15,19,50,15,19,P,WALKABLE_PALE_PATH,0
16,19,50,16,19,P,WALKABLE_PALE_PATH,0
17,19,50,17,19,P,WALKABLE_PALE_PATH,0
18,19,50,18,19,P,WALKABLE_PALE_PATH,0
19,19,50,19,19,P,WALKABLE_PALE_PATH,0
20,19,50,20,19,P,WALKABLE_PALE_PATH,0
21,19,50,21,19,P,WALKABLE_PALE_PATH,0
22,19,50,22,19,P,WALKABLE_PALE_PATH,0
23,19,50,23,19,P,WALKABLE_PALE_PATH,0
24,19,50,24,19,P,WALKABLE_PALE_PATH,0
25,19,50,25,19,P,WALKABLE_PALE_PATH,0
26,19,50,26,19,P,WALKABLE_PALE_PATH,0
27,19,50,27,19,P,WALKABLE_PALE_PATH,0
28,19,50,28,19,P,WALKABLE_PALE_PATH,0
29,19,50,29,19,P,WALKABLE_PALE_PATH,0
30,19,50,30,19,P,WALKABLE_PALE_PATH,0
31,19,50,31,19,P,WALKABLE_PALE_PATH,0
32,19,51,0,19,P,WALKABLE_PALE_PATH,0
33,19,51,1,19,P,WALKABLE_PALE_PATH,0
34,19,51,2,19,P,WALKABLE_PALE_PATH,0
35,19,51,3,19,P,WALKABLE_PALE_PATH,0
36,19,51,4,19,P,WALKABLE_PALE_PATH,0
37,19,51,5,19,P,WALKABLE_PALE_PATH,0
38,19,51,6,19,P,WALKABLE_PALE_PATH,0
39,19,51,7,19,P,WALKABLE_PALE_PATH,0
40,19,51,8,19,P,WALKABLE_PALE_PATH,0
41,19,51,9,19,G,WALKABLE_SHORT_GRASS,0
42,19,51,10,19,G,WALKABLE_SHORT_GRASS,0
43,19,51,11,19,G,WALKABLE_SHORT_GRASS,0
44,19,51,12,19,G,WALKABLE_SHORT_GRASS,0
45,19,51,13,19,G,WALKABLE_SHORT_GRASS,0
46,19,51,14,19,G,WALKABLE_SHORT_GRASS,0
47,19,51,15,19,G,WALKABLE_SHORT_GRASS,0
48,19,51,16,19,G,WALKABLE_SHORT_GRASS,0
49,19,51,17,19,G,WALKABLE_SHORT_GRASS,0
50,19,51,18,19,G,WALKABLE_SHORT_GRASS,0
51,19,51,19,19,G,WALKABLE_SHORT_GRASS,0
52,19,51,20,19,G,WALKABLE_SHORT_GRASS,0
53,19,51,21,19,G,WALKABLE_SHORT_GRASS,0
54,19,51,22,19,G,WALKABLE_SHORT_GRASS,0
55,19,51,23,19,G,WALKABLE_SHORT_GRASS,0
56,19,51,24,19,G,WALKABLE_SHORT_GRASS,0
57,19,51,25,19,G,WALKABLE_SHORT_GRASS,0
58,19,51,26,19,G,WALKABLE_SHORT_GRASS,0
59,19,51,27,19,G,WALKABLE_SHORT_GRASS,0
60,19,51,28,19,G,WALKABLE_SHORT_GRASS,0
61,19,51,29,19,G,WALKABLE_SHORT_GRASS,0
62,19,51,30,19,T,BLOCKED_TREE_WALL,1
63,19,51,31,19,T,BLOCKED_TREE_WALL,1
0,20,50,0,20,T,BLOCKED_TREE_WALL,1
1,20,50,1,20,T,BLOCKED_TREE_WALL,1
2,20,50,2,20,P,WALKABLE_PALE_PATH,0
3,20,50,3,20,P,WALKABLE_PALE_PATH,0
4,20,50,4,20,P,WALKABLE_PALE_PATH,0
5,20,50,5,20,P,WALKABLE_PALE_PATH,0
6,20,50,6,20,P,WALKABLE_PALE_PATH,0
7,20,50,7,20,P,WALKABLE_PALE_PATH,0
8,20,50,8,20,P,WALKABLE_PALE_PATH,0
9,20,50,9,20,P,WALKABLE_PALE_PATH,0
10,20,50,10,20,P,WALKABLE_PALE_PATH,0
11,20,50,11,20,P,WALKABLE_PALE_PATH,0
12,20,50,12,20,P,WALKABLE_PALE_PATH,0
13,20,50,13,20,P,WALKABLE_PALE_PATH,0
14,20,50,14,20,P,WALKABLE_PALE_PATH,0
15,20,50,15,20,P,WALKABLE_PALE_PATH,0
16,20,50,16,20,P,WALKABLE_PALE_PATH,0
17,20,50,17,20,P,WALKABLE_PALE_PATH,0
18,20,50,18,20,P,WALKABLE_PALE_PATH,0
19,20,50,19,20,P,WALKABLE_PALE_PATH,0
20,20,50,20,20,P,WALKABLE_PALE_PATH,0
21,20,50,21,20,P,WALKABLE_PALE_PATH,0
22,20,50,22,20,P,WALKABLE_PALE_PATH,0
23,20,50,23,20,P,WALKABLE_PALE_PATH,0
24,20,50,24,20,P,WALKABLE_PALE_PATH,0
25,20,50,25,20,P,WALKABLE_PALE_PATH,0
26,20,50,26,20,P,WALKABLE_PALE_PATH,0
27,20,50,27,20,P,WALKABLE_PALE_PATH,0
28,20,50,28,20,P,WALKABLE_PALE_PATH,0
29,20,50,29,20,P,WALKABLE_PALE_PATH,0
30,20,50,30,20,P,WALKABLE_PALE_PATH,0
31,20,50,31,20,P,WALKABLE_PALE_PATH,0
32,20,51,0,20,P,WALKABLE_PALE_PATH,0
33,20,51,1,20,P,WALKABLE_PALE_PATH,0
34,20,51,2,20,P,WALKABLE_PALE_PATH,0
35,20,51,3,20,P,WALKABLE_PALE_PATH,0
36,20,51,4,20,P,WALKABLE_PALE_PATH,0
37,20,51,5,20,P,WALKABLE_PALE_PATH,0
38,20,51,6,20,P,WALKABLE_PALE_PATH,0
39,20,51,7,20,P,WALKABLE_PALE_PATH,0
40,20,51,8,20,P,WALKABLE_PALE_PATH,0
41,20,51,9,20,W,SURF_WATER,2
42,20,51,10,20,W,SURF_WATER,2
43,20,51,11,20,W,SURF_WATER,2
44,20,51,12,20,W,SURF_WATER,2
45,20,51,13,20,G,WALKABLE_SHORT_GRASS,0
46,20,51,14,20,G,WALKABLE_SHORT_GRASS,0
47,20,51,15,20,G,WALKABLE_SHORT_GRASS,0
48,20,51,16,20,G,WALKABLE_SHORT_GRASS,0
49,20,51,17,20,G,WALKABLE_SHORT_GRASS,0
50,20,51,18,20,G,WALKABLE_SHORT_GRASS,0
51,20,51,19,20,G,WALKABLE_SHORT_GRASS,0
52,20,51,20,20,G,WALKABLE_SHORT_GRASS,0
53,20,51,21,20,G,WALKABLE_SHORT_GRASS,0
54,20,51,22,20,G,WALKABLE_SHORT_GRASS,0
55,20,51,23,20,G,WALKABLE_SHORT_GRASS,0
56,20,51,24,20,G,WALKABLE_SHORT_GRASS,0
57,20,51,25,20,G,WALKABLE_SHORT_GRASS,0
58,20,51,26,20,G,WALKABLE_SHORT_GRASS,0
59,20,51,27,20,G,WALKABLE_SHORT_GRASS,0
60,20,51,28,20,G,WALKABLE_SHORT_GRASS,0
61,20,51,29,20,G,WALKABLE_SHORT_GRASS,0
62,20,51,30,20,T,BLOCKED_TREE_WALL,1
63,20,51,31,20,T,BLOCKED_TREE_WALL,1
0,21,50,0,21,T,BLOCKED_TREE_WALL,1
1,21,50,1,21,T,BLOCKED_TREE_WALL,1
2,21,50,2,21,G,WALKABLE_SHORT_GRASS,0
3,21,50,3,21,G,WALKABLE_SHORT_GRASS,0
4,21,50,4,21,G,WALKABLE_SHORT_GRASS,0
5,21,50,5,21,G,WALKABLE_SHORT_GRASS,0
6,21,50,6,21,G,WALKABLE_SHORT_GRASS,0
7,21,50,7,21,G,WALKABLE_SHORT_GRASS,0
8,21,50,8,21,G,WALKABLE_SHORT_GRASS,0
9,21,50,9,21,G,WALKABLE_SHORT_GRASS,0
10,21,50,10,21,G,WALKABLE_SHORT_GRASS,0
11,21,50,11,21,G,WALKABLE_SHORT_GRASS,0
12,21,50,12,21,G,WALKABLE_SHORT_GRASS,0
13,21,50,13,21,G,WALKABLE_SHORT_GRASS,0
14,21,50,14,21,G,WALKABLE_SHORT_GRASS,0
15,21,50,15,21,G,WALKABLE_SHORT_GRASS,0
16,21,50,16,21,G,WALKABLE_SHORT_GRASS,0
17,21,50,17,21,G,WALKABLE_SHORT_GRASS,0
18,21,50,18,21,G,WALKABLE_SHORT_GRASS,0
19,21,50,19,21,W,SURF_WATER,2
20,21,50,20,21,W,SURF_WATER,2
21,21,50,21,21,W,SURF_WATER,2
22,21,50,22,21,W,SURF_WATER,2
23,21,50,23,21,P,WALKABLE_PALE_PATH,0
24,21,50,24,21,P,WALKABLE_PALE_PATH,0
25,21,50,25,21,P,WALKABLE_PALE_PATH,0
26,21,50,26,21,P,WALKABLE_PALE_PATH,0
27,21,50,27,21,P,WALKABLE_PALE_PATH,0
28,21,50,28,21,P,WALKABLE_PALE_PATH,0
29,21,50,29,21,P,WALKABLE_PALE_PATH,0
30,21,50,30,21,P,WALKABLE_PALE_PATH,0
31,21,50,31,21,P,WALKABLE_PALE_PATH,0
32,21,51,0,21,P,WALKABLE_PALE_PATH,0
33,21,51,1,21,P,WALKABLE_PALE_PATH,0
34,21,51,2,21,P,WALKABLE_PALE_PATH,0
35,21,51,3,21,P,WALKABLE_PALE_PATH,0
36,21,51,4,21,P,WALKABLE_PALE_PATH,0
37,21,51,5,21,P,WALKABLE_PALE_PATH,0
38,21,51,6,21,P,WALKABLE_PALE_PATH,0
39,21,51,7,21,P,WALKABLE_PALE_PATH,0
40,21,51,8,21,P,WALKABLE_PALE_PATH,0
41,21,51,9,21,P,WALKABLE_PALE_PATH,0
42,21,51,10,21,P,WALKABLE_PALE_PATH,0
43,21,51,11,21,P,WALKABLE_PALE_PATH,0
44,21,51,12,21,P,WALKABLE_PALE_PATH,0
45,21,51,13,21,P,WALKABLE_PALE_PATH,0
46,21,51,14,21,P,WALKABLE_PALE_PATH,0
47,21,51,15,21,P,WALKABLE_PALE_PATH,0
48,21,51,16,21,P,WALKABLE_PALE_PATH,0
49,21,51,17,21,P,WALKABLE_PALE_PATH,0
50,21,51,18,21,P,WALKABLE_PALE_PATH,0
51,21,51,19,21,P,WALKABLE_PALE_PATH,0
52,21,51,20,21,P,WALKABLE_PALE_PATH,0
53,21,51,21,21,P,WALKABLE_PALE_PATH,0
54,21,51,22,21,P,WALKABLE_PALE_PATH,0
55,21,51,23,21,P,WALKABLE_PALE_PATH,0
56,21,51,24,21,P,WALKABLE_PALE_PATH,0
57,21,51,25,21,P,WALKABLE_PALE_PATH,0
58,21,51,26,21,P,WALKABLE_PALE_PATH,0
59,21,51,27,21,P,WALKABLE_PALE_PATH,0
60,21,51,28,21,P,WALKABLE_PALE_PATH,0
61,21,51,29,21,P,WALKABLE_PALE_PATH,0
62,21,51,30,21,T,BLOCKED_TREE_WALL,1
63,21,51,31,21,T,BLOCKED_TREE_WALL,1
0,22,50,0,22,T,BLOCKED_TREE_WALL,1
1,22,50,1,22,T,BLOCKED_TREE_WALL,1
2,22,50,2,22,G,WALKABLE_SHORT_GRASS,0
3,22,50,3,22,G,WALKABLE_SHORT_GRASS,0
4,22,50,4,22,G,WALKABLE_SHORT_GRASS,0
5,22,50,5,22,G,WALKABLE_SHORT_GRASS,0
6,22,50,6,22,G,WALKABLE_SHORT_GRASS,0
7,22,50,7,22,G,WALKABLE_SHORT_GRASS,0
8,22,50,8,22,G,WALKABLE_SHORT_GRASS,0
9,22,50,9,22,G,WALKABLE_SHORT_GRASS,0
10,22,50,10,22,G,WALKABLE_SHORT_GRASS,0
11,22,50,11,22,G,WALKABLE_SHORT_GRASS,0
12,22,50,12,22,G,WALKABLE_SHORT_GRASS,0
13,22,50,13,22,G,WALKABLE_SHORT_GRASS,0
14,22,50,14,22,G,WALKABLE_SHORT_GRASS,0
15,22,50,15,22,G,WALKABLE_SHORT_GRASS,0
16,22,50,16,22,G,WALKABLE_SHORT_GRASS,0
17,22,50,17,22,G,WALKABLE_SHORT_GRASS,0
18,22,50,18,22,G,WALKABLE_SHORT_GRASS,0
19,22,50,19,22,W,SURF_WATER,2
20,22,50,20,22,W,SURF_WATER,2
21,22,50,21,22,W,SURF_WATER,2
22,22,50,22,22,W,SURF_WATER,2
23,22,50,23,22,P,WALKABLE_PALE_PATH,0
24,22,50,24,22,P,WALKABLE_PALE_PATH,0
25,22,50,25,22,P,WALKABLE_PALE_PATH,0
26,22,50,26,22,P,WALKABLE_PALE_PATH,0
27,22,50,27,22,P,WALKABLE_PALE_PATH,0
28,22,50,28,22,P,WALKABLE_PALE_PATH,0
29,22,50,29,22,P,WALKABLE_PALE_PATH,0
30,22,50,30,22,P,WALKABLE_PALE_PATH,0
31,22,50,31,22,P,WALKABLE_PALE_PATH,0
32,22,51,0,22,P,WALKABLE_PALE_PATH,0
33,22,51,1,22,P,WALKABLE_PALE_PATH,0
34,22,51,2,22,P,WALKABLE_PALE_PATH,0
35,22,51,3,22,P,WALKABLE_PALE_PATH,0
36,22,51,4,22,P,WALKABLE_PALE_PATH,0
37,22,51,5,22,P,WALKABLE_PALE_PATH,0
38,22,51,6,22,P,WALKABLE_PALE_PATH,0
39,22,51,7,22,P,WALKABLE_PALE_PATH,0
40,22,51,8,22,P,WALKABLE_PALE_PATH,0
41,22,51,9,22,P,WALKABLE_PALE_PATH,0
42,22,51,10,22,P,WALKABLE_PALE_PATH,0
43,22,51,11,22,P,WALKABLE_PALE_PATH,0
44,22,51,12,22,P,WALKABLE_PALE_PATH,0
45,22,51,13,22,P,WALKABLE_PALE_PATH,0
46,22,51,14,22,P,WALKABLE_PALE_PATH,0
47,22,51,15,22,P,WALKABLE_PALE_PATH,0
48,22,51,16,22,P,WALKABLE_PALE_PATH,0
49,22,51,17,22,P,WALKABLE_PALE_PATH,0
50,22,51,18,22,P,WALKABLE_PALE_PATH,0
51,22,51,19,22,P,WALKABLE_PALE_PATH,0
52,22,51,20,22,P,WALKABLE_PALE_PATH,0
53,22,51,21,22,P,WALKABLE_PALE_PATH,0
54,22,51,22,22,P,WALKABLE_PALE_PATH,0
55,22,51,23,22,P,WALKABLE_PALE_PATH,0
56,22,51,24,22,P,WALKABLE_PALE_PATH,0
57,22,51,25,22,P,WALKABLE_PALE_PATH,0
58,22,51,26,22,P,WALKABLE_PALE_PATH,0
59,22,51,27,22,P,WALKABLE_PALE_PATH,0
60,22,51,28,22,P,WALKABLE_PALE_PATH,0
61,22,51,29,22,P,WALKABLE_PALE_PATH,0
62,22,51,30,22,T,BLOCKED_TREE_WALL,1
63,22,51,31,22,T,BLOCKED_TREE_WALL,1
0,23,50,0,23,T,BLOCKED_TREE_WALL,1
1,23,50,1,23,T,BLOCKED_TREE_WALL,1
2,23,50,2,23,G,WALKABLE_SHORT_GRASS,0
3,23,50,3,23,G,WALKABLE_SHORT_GRASS,0
4,23,50,4,23,L,BLOCKED_TERRACE_LEDGE,1
5,23,50,5,23,L,BLOCKED_TERRACE_LEDGE,1
6,23,50,6,23,L,BLOCKED_TERRACE_LEDGE,1
7,23,50,7,23,L,BLOCKED_TERRACE_LEDGE,1
8,23,50,8,23,L,BLOCKED_TERRACE_LEDGE,1
9,23,50,9,23,L,BLOCKED_TERRACE_LEDGE,1
10,23,50,10,23,L,BLOCKED_TERRACE_LEDGE,1
11,23,50,11,23,L,BLOCKED_TERRACE_LEDGE,1
12,23,50,12,23,L,BLOCKED_TERRACE_LEDGE,1
13,23,50,13,23,L,BLOCKED_TERRACE_LEDGE,1
14,23,50,14,23,L,BLOCKED_TERRACE_LEDGE,1
15,23,50,15,23,S,WALKABLE_STAIRS,0
16,23,50,16,23,S,WALKABLE_STAIRS,0
17,23,50,17,23,S,WALKABLE_STAIRS,0
18,23,50,18,23,L,BLOCKED_TERRACE_LEDGE,1
19,23,50,19,23,L,BLOCKED_TERRACE_LEDGE,1
20,23,50,20,23,L,BLOCKED_TERRACE_LEDGE,1
21,23,50,21,23,L,BLOCKED_TERRACE_LEDGE,1
22,23,50,22,23,L,BLOCKED_TERRACE_LEDGE,1
23,23,50,23,23,P,WALKABLE_PALE_PATH,0
24,23,50,24,23,P,WALKABLE_PALE_PATH,0
25,23,50,25,23,P,WALKABLE_PALE_PATH,0
26,23,50,26,23,P,WALKABLE_PALE_PATH,0
27,23,50,27,23,P,WALKABLE_PALE_PATH,0
28,23,50,28,23,P,WALKABLE_PALE_PATH,0
29,23,50,29,23,P,WALKABLE_PALE_PATH,0
30,23,50,30,23,P,WALKABLE_PALE_PATH,0
31,23,50,31,23,P,WALKABLE_PALE_PATH,0
32,23,51,0,23,P,WALKABLE_PALE_PATH,0
33,23,51,1,23,P,WALKABLE_PALE_PATH,0
34,23,51,2,23,P,WALKABLE_PALE_PATH,0
35,23,51,3,23,P,WALKABLE_PALE_PATH,0
36,23,51,4,23,P,WALKABLE_PALE_PATH,0
37,23,51,5,23,P,WALKABLE_PALE_PATH,0
38,23,51,6,23,P,WALKABLE_PALE_PATH,0
39,23,51,7,23,P,WALKABLE_PALE_PATH,0
40,23,51,8,23,P,WALKABLE_PALE_PATH,0
41,23,51,9,23,P,WALKABLE_PALE_PATH,0
42,23,51,10,23,P,WALKABLE_PALE_PATH,0
43,23,51,11,23,P,WALKABLE_PALE_PATH,0
44,23,51,12,23,P,WALKABLE_PALE_PATH,0
45,23,51,13,23,P,WALKABLE_PALE_PATH,0
46,23,51,14,23,P,WALKABLE_PALE_PATH,0
47,23,51,15,23,P,WALKABLE_PALE_PATH,0
48,23,51,16,23,P,WALKABLE_PALE_PATH,0
49,23,51,17,23,P,WALKABLE_PALE_PATH,0
50,23,51,18,23,P,WALKABLE_PALE_PATH,0
51,23,51,19,23,P,WALKABLE_PALE_PATH,0
52,23,51,20,23,P,WALKABLE_PALE_PATH,0
53,23,51,21,23,P,WALKABLE_PALE_PATH,0
54,23,51,22,23,P,WALKABLE_PALE_PATH,0
55,23,51,23,23,P,WALKABLE_PALE_PATH,0
56,23,51,24,23,P,WALKABLE_PALE_PATH,0
57,23,51,25,23,P,WALKABLE_PALE_PATH,0
58,23,51,26,23,P,WALKABLE_PALE_PATH,0
59,23,51,27,23,P,WALKABLE_PALE_PATH,0
60,23,51,28,23,P,WALKABLE_PALE_PATH,0
61,23,51,29,23,P,WALKABLE_PALE_PATH,0
62,23,51,30,23,T,BLOCKED_TREE_WALL,1
63,23,51,31,23,T,BLOCKED_TREE_WALL,1
0,24,50,0,24,T,BLOCKED_TREE_WALL,1
1,24,50,1,24,T,BLOCKED_TREE_WALL,1
2,24,50,2,24,G,WALKABLE_SHORT_GRASS,0
3,24,50,3,24,G,WALKABLE_SHORT_GRASS,0
4,24,50,4,24,G,WALKABLE_SHORT_GRASS,0
5,24,50,5,24,G,WALKABLE_SHORT_GRASS,0
6,24,50,6,24,G,WALKABLE_SHORT_GRASS,0
7,24,50,7,24,F,WALKABLE_FLOWER_ENCOUNTER,3
8,24,50,8,24,F,WALKABLE_FLOWER_ENCOUNTER,3
9,24,50,9,24,F,WALKABLE_FLOWER_ENCOUNTER,3
10,24,50,10,24,F,WALKABLE_FLOWER_ENCOUNTER,3
11,24,50,11,24,F,WALKABLE_FLOWER_ENCOUNTER,3
12,24,50,12,24,F,WALKABLE_FLOWER_ENCOUNTER,3
13,24,50,13,24,F,WALKABLE_FLOWER_ENCOUNTER,3
14,24,50,14,24,F,WALKABLE_FLOWER_ENCOUNTER,3
15,24,50,15,24,F,WALKABLE_FLOWER_ENCOUNTER,3
16,24,50,16,24,F,WALKABLE_FLOWER_ENCOUNTER,3
17,24,50,17,24,F,WALKABLE_FLOWER_ENCOUNTER,3
18,24,50,18,24,F,WALKABLE_FLOWER_ENCOUNTER,3
19,24,50,19,24,F,WALKABLE_FLOWER_ENCOUNTER,3
20,24,50,20,24,F,WALKABLE_FLOWER_ENCOUNTER,3
21,24,50,21,24,F,WALKABLE_FLOWER_ENCOUNTER,3
22,24,50,22,24,F,WALKABLE_FLOWER_ENCOUNTER,3
23,24,50,23,24,F,WALKABLE_FLOWER_ENCOUNTER,3
24,24,50,24,24,G,WALKABLE_SHORT_GRASS,0
25,24,50,25,24,G,WALKABLE_SHORT_GRASS,0
26,24,50,26,24,G,WALKABLE_SHORT_GRASS,0
27,24,50,27,24,P,WALKABLE_PALE_PATH,0
28,24,50,28,24,P,WALKABLE_PALE_PATH,0
29,24,50,29,24,P,WALKABLE_PALE_PATH,0
30,24,50,30,24,P,WALKABLE_PALE_PATH,0
31,24,50,31,24,P,WALKABLE_PALE_PATH,0
32,24,51,0,24,P,WALKABLE_PALE_PATH,0
33,24,51,1,24,P,WALKABLE_PALE_PATH,0
34,24,51,2,24,P,WALKABLE_PALE_PATH,0
35,24,51,3,24,P,WALKABLE_PALE_PATH,0
36,24,51,4,24,P,WALKABLE_PALE_PATH,0
37,24,51,5,24,G,WALKABLE_SHORT_GRASS,0
38,24,51,6,24,G,WALKABLE_SHORT_GRASS,0
39,24,51,7,24,P,WALKABLE_PALE_PATH,0
40,24,51,8,24,P,WALKABLE_PALE_PATH,0
41,24,51,9,24,P,WALKABLE_PALE_PATH,0
42,24,51,10,24,P,WALKABLE_PALE_PATH,0
43,24,51,11,24,P,WALKABLE_PALE_PATH,0
44,24,51,12,24,P,WALKABLE_PALE_PATH,0
45,24,51,13,24,P,WALKABLE_PALE_PATH,0
46,24,51,14,24,P,WALKABLE_PALE_PATH,0
47,24,51,15,24,P,WALKABLE_PALE_PATH,0
48,24,51,16,24,P,WALKABLE_PALE_PATH,0
49,24,51,17,24,P,WALKABLE_PALE_PATH,0
50,24,51,18,24,P,WALKABLE_PALE_PATH,0
51,24,51,19,24,P,WALKABLE_PALE_PATH,0
52,24,51,20,24,P,WALKABLE_PALE_PATH,0
53,24,51,21,24,P,WALKABLE_PALE_PATH,0
54,24,51,22,24,P,WALKABLE_PALE_PATH,0
55,24,51,23,24,P,WALKABLE_PALE_PATH,0
56,24,51,24,24,P,WALKABLE_PALE_PATH,0
57,24,51,25,24,P,WALKABLE_PALE_PATH,0
58,24,51,26,24,P,WALKABLE_PALE_PATH,0
59,24,51,27,24,P,WALKABLE_PALE_PATH,0
60,24,51,28,24,P,WALKABLE_PALE_PATH,0
61,24,51,29,24,P,WALKABLE_PALE_PATH,0
62,24,51,30,24,T,BLOCKED_TREE_WALL,1
63,24,51,31,24,T,BLOCKED_TREE_WALL,1
0,25,50,0,25,T,BLOCKED_TREE_WALL,1
1,25,50,1,25,T,BLOCKED_TREE_WALL,1
2,25,50,2,25,G,WALKABLE_SHORT_GRASS,0
3,25,50,3,25,G,WALKABLE_SHORT_GRASS,0
4,25,50,4,25,G,WALKABLE_SHORT_GRASS,0
5,25,50,5,25,G,WALKABLE_SHORT_GRASS,0
6,25,50,6,25,G,WALKABLE_SHORT_GRASS,0
7,25,50,7,25,F,WALKABLE_FLOWER_ENCOUNTER,3
8,25,50,8,25,F,WALKABLE_FLOWER_ENCOUNTER,3
9,25,50,9,25,F,WALKABLE_FLOWER_ENCOUNTER,3
10,25,50,10,25,F,WALKABLE_FLOWER_ENCOUNTER,3
11,25,50,11,25,F,WALKABLE_FLOWER_ENCOUNTER,3
12,25,50,12,25,F,WALKABLE_FLOWER_ENCOUNTER,3
13,25,50,13,25,F,WALKABLE_FLOWER_ENCOUNTER,3
14,25,50,14,25,F,WALKABLE_FLOWER_ENCOUNTER,3
15,25,50,15,25,F,WALKABLE_FLOWER_ENCOUNTER,3
16,25,50,16,25,F,WALKABLE_FLOWER_ENCOUNTER,3
17,25,50,17,25,F,WALKABLE_FLOWER_ENCOUNTER,3
18,25,50,18,25,F,WALKABLE_FLOWER_ENCOUNTER,3
19,25,50,19,25,F,WALKABLE_FLOWER_ENCOUNTER,3
20,25,50,20,25,F,WALKABLE_FLOWER_ENCOUNTER,3
21,25,50,21,25,F,WALKABLE_FLOWER_ENCOUNTER,3
22,25,50,22,25,F,WALKABLE_FLOWER_ENCOUNTER,3
23,25,50,23,25,F,WALKABLE_FLOWER_ENCOUNTER,3
24,25,50,24,25,G,WALKABLE_SHORT_GRASS,0
25,25,50,25,25,G,WALKABLE_SHORT_GRASS,0
26,25,50,26,25,G,WALKABLE_SHORT_GRASS,0
27,25,50,27,25,G,WALKABLE_SHORT_GRASS,0
28,25,50,28,25,G,WALKABLE_SHORT_GRASS,0
29,25,50,29,25,G,WALKABLE_SHORT_GRASS,0
30,25,50,30,25,G,WALKABLE_SHORT_GRASS,0
31,25,50,31,25,G,WALKABLE_SHORT_GRASS,0
32,25,51,0,25,G,WALKABLE_SHORT_GRASS,0
33,25,51,1,25,G,WALKABLE_SHORT_GRASS,0
34,25,51,2,25,G,WALKABLE_SHORT_GRASS,0
35,25,51,3,25,G,WALKABLE_SHORT_GRASS,0
36,25,51,4,25,G,WALKABLE_SHORT_GRASS,0
37,25,51,5,25,G,WALKABLE_SHORT_GRASS,0
38,25,51,6,25,G,WALKABLE_SHORT_GRASS,0
39,25,51,7,25,G,WALKABLE_SHORT_GRASS,0
40,25,51,8,25,F,WALKABLE_FLOWER_ENCOUNTER,3
41,25,51,9,25,F,WALKABLE_FLOWER_ENCOUNTER,3
42,25,51,10,25,F,WALKABLE_FLOWER_ENCOUNTER,3
43,25,51,11,25,F,WALKABLE_FLOWER_ENCOUNTER,3
44,25,51,12,25,F,WALKABLE_FLOWER_ENCOUNTER,3
45,25,51,13,25,G,WALKABLE_SHORT_GRASS,0
46,25,51,14,25,G,WALKABLE_SHORT_GRASS,0
47,25,51,15,25,G,WALKABLE_SHORT_GRASS,0
48,25,51,16,25,G,WALKABLE_SHORT_GRASS,0
49,25,51,17,25,G,WALKABLE_SHORT_GRASS,0
50,25,51,18,25,G,WALKABLE_SHORT_GRASS,0
51,25,51,19,25,G,WALKABLE_SHORT_GRASS,0
52,25,51,20,25,G,WALKABLE_SHORT_GRASS,0
53,25,51,21,25,F,WALKABLE_FLOWER_ENCOUNTER,3
54,25,51,22,25,F,WALKABLE_FLOWER_ENCOUNTER,3
55,25,51,23,25,F,WALKABLE_FLOWER_ENCOUNTER,3
56,25,51,24,25,F,WALKABLE_FLOWER_ENCOUNTER,3
57,25,51,25,25,G,WALKABLE_SHORT_GRASS,0
58,25,51,26,25,G,WALKABLE_SHORT_GRASS,0
59,25,51,27,25,G,WALKABLE_SHORT_GRASS,0
60,25,51,28,25,G,WALKABLE_SHORT_GRASS,0
61,25,51,29,25,G,WALKABLE_SHORT_GRASS,0
62,25,51,30,25,T,BLOCKED_TREE_WALL,1
63,25,51,31,25,T,BLOCKED_TREE_WALL,1
0,26,50,0,26,T,BLOCKED_TREE_WALL,1
1,26,50,1,26,T,BLOCKED_TREE_WALL,1
2,26,50,2,26,G,WALKABLE_SHORT_GRASS,0
3,26,50,3,26,G,WALKABLE_SHORT_GRASS,0
4,26,50,4,26,G,WALKABLE_SHORT_GRASS,0
5,26,50,5,26,G,WALKABLE_SHORT_GRASS,0
6,26,50,6,26,G,WALKABLE_SHORT_GRASS,0
7,26,50,7,26,F,WALKABLE_FLOWER_ENCOUNTER,3
8,26,50,8,26,F,WALKABLE_FLOWER_ENCOUNTER,3
9,26,50,9,26,F,WALKABLE_FLOWER_ENCOUNTER,3
10,26,50,10,26,F,WALKABLE_FLOWER_ENCOUNTER,3
11,26,50,11,26,F,WALKABLE_FLOWER_ENCOUNTER,3
12,26,50,12,26,F,WALKABLE_FLOWER_ENCOUNTER,3
13,26,50,13,26,F,WALKABLE_FLOWER_ENCOUNTER,3
14,26,50,14,26,F,WALKABLE_FLOWER_ENCOUNTER,3
15,26,50,15,26,F,WALKABLE_FLOWER_ENCOUNTER,3
16,26,50,16,26,F,WALKABLE_FLOWER_ENCOUNTER,3
17,26,50,17,26,F,WALKABLE_FLOWER_ENCOUNTER,3
18,26,50,18,26,F,WALKABLE_FLOWER_ENCOUNTER,3
19,26,50,19,26,F,WALKABLE_FLOWER_ENCOUNTER,3
20,26,50,20,26,F,WALKABLE_FLOWER_ENCOUNTER,3
21,26,50,21,26,F,WALKABLE_FLOWER_ENCOUNTER,3
22,26,50,22,26,F,WALKABLE_FLOWER_ENCOUNTER,3
23,26,50,23,26,F,WALKABLE_FLOWER_ENCOUNTER,3
24,26,50,24,26,G,WALKABLE_SHORT_GRASS,0
25,26,50,25,26,G,WALKABLE_SHORT_GRASS,0
26,26,50,26,26,G,WALKABLE_SHORT_GRASS,0
27,26,50,27,26,G,WALKABLE_SHORT_GRASS,0
28,26,50,28,26,G,WALKABLE_SHORT_GRASS,0
29,26,50,29,26,G,WALKABLE_SHORT_GRASS,0
30,26,50,30,26,G,WALKABLE_SHORT_GRASS,0
31,26,50,31,26,G,WALKABLE_SHORT_GRASS,0
32,26,51,0,26,G,WALKABLE_SHORT_GRASS,0
33,26,51,1,26,G,WALKABLE_SHORT_GRASS,0
34,26,51,2,26,G,WALKABLE_SHORT_GRASS,0
35,26,51,3,26,G,WALKABLE_SHORT_GRASS,0
36,26,51,4,26,G,WALKABLE_SHORT_GRASS,0
37,26,51,5,26,G,WALKABLE_SHORT_GRASS,0
38,26,51,6,26,G,WALKABLE_SHORT_GRASS,0
39,26,51,7,26,G,WALKABLE_SHORT_GRASS,0
40,26,51,8,26,F,WALKABLE_FLOWER_ENCOUNTER,3
41,26,51,9,26,F,WALKABLE_FLOWER_ENCOUNTER,3
42,26,51,10,26,F,WALKABLE_FLOWER_ENCOUNTER,3
43,26,51,11,26,F,WALKABLE_FLOWER_ENCOUNTER,3
44,26,51,12,26,F,WALKABLE_FLOWER_ENCOUNTER,3
45,26,51,13,26,G,WALKABLE_SHORT_GRASS,0
46,26,51,14,26,G,WALKABLE_SHORT_GRASS,0
47,26,51,15,26,G,WALKABLE_SHORT_GRASS,0
48,26,51,16,26,G,WALKABLE_SHORT_GRASS,0
49,26,51,17,26,G,WALKABLE_SHORT_GRASS,0
50,26,51,18,26,G,WALKABLE_SHORT_GRASS,0
51,26,51,19,26,G,WALKABLE_SHORT_GRASS,0
52,26,51,20,26,G,WALKABLE_SHORT_GRASS,0
53,26,51,21,26,F,WALKABLE_FLOWER_ENCOUNTER,3
54,26,51,22,26,F,WALKABLE_FLOWER_ENCOUNTER,3
55,26,51,23,26,F,WALKABLE_FLOWER_ENCOUNTER,3
56,26,51,24,26,F,WALKABLE_FLOWER_ENCOUNTER,3
57,26,51,25,26,G,WALKABLE_SHORT_GRASS,0
58,26,51,26,26,G,WALKABLE_SHORT_GRASS,0
59,26,51,27,26,G,WALKABLE_SHORT_GRASS,0
60,26,51,28,26,G,WALKABLE_SHORT_GRASS,0
61,26,51,29,26,G,WALKABLE_SHORT_GRASS,0
62,26,51,30,26,T,BLOCKED_TREE_WALL,1
63,26,51,31,26,T,BLOCKED_TREE_WALL,1
0,27,50,0,27,T,BLOCKED_TREE_WALL,1
1,27,50,1,27,T,BLOCKED_TREE_WALL,1
2,27,50,2,27,G,WALKABLE_SHORT_GRASS,0
3,27,50,3,27,G,WALKABLE_SHORT_GRASS,0
4,27,50,4,27,G,WALKABLE_SHORT_GRASS,0
5,27,50,5,27,G,WALKABLE_SHORT_GRASS,0
6,27,50,6,27,G,WALKABLE_SHORT_GRASS,0
7,27,50,7,27,F,WALKABLE_FLOWER_ENCOUNTER,3
8,27,50,8,27,F,WALKABLE_FLOWER_ENCOUNTER,3
9,27,50,9,27,F,WALKABLE_FLOWER_ENCOUNTER,3
10,27,50,10,27,F,WALKABLE_FLOWER_ENCOUNTER,3
11,27,50,11,27,F,WALKABLE_FLOWER_ENCOUNTER,3
12,27,50,12,27,F,WALKABLE_FLOWER_ENCOUNTER,3
13,27,50,13,27,F,WALKABLE_FLOWER_ENCOUNTER,3
14,27,50,14,27,F,WALKABLE_FLOWER_ENCOUNTER,3
15,27,50,15,27,F,WALKABLE_FLOWER_ENCOUNTER,3
16,27,50,16,27,F,WALKABLE_FLOWER_ENCOUNTER,3
17,27,50,17,27,F,WALKABLE_FLOWER_ENCOUNTER,3
18,27,50,18,27,F,WALKABLE_FLOWER_ENCOUNTER,3
19,27,50,19,27,F,WALKABLE_FLOWER_ENCOUNTER,3
20,27,50,20,27,F,WALKABLE_FLOWER_ENCOUNTER,3
21,27,50,21,27,F,WALKABLE_FLOWER_ENCOUNTER,3
22,27,50,22,27,F,WALKABLE_FLOWER_ENCOUNTER,3
23,27,50,23,27,F,WALKABLE_FLOWER_ENCOUNTER,3
24,27,50,24,27,G,WALKABLE_SHORT_GRASS,0
25,27,50,25,27,G,WALKABLE_SHORT_GRASS,0
26,27,50,26,27,G,WALKABLE_SHORT_GRASS,0
27,27,50,27,27,G,WALKABLE_SHORT_GRASS,0
28,27,50,28,27,G,WALKABLE_SHORT_GRASS,0
29,27,50,29,27,G,WALKABLE_SHORT_GRASS,0
30,27,50,30,27,G,WALKABLE_SHORT_GRASS,0
31,27,50,31,27,G,WALKABLE_SHORT_GRASS,0
32,27,51,0,27,G,WALKABLE_SHORT_GRASS,0
33,27,51,1,27,G,WALKABLE_SHORT_GRASS,0
34,27,51,2,27,G,WALKABLE_SHORT_GRASS,0
35,27,51,3,27,G,WALKABLE_SHORT_GRASS,0
36,27,51,4,27,G,WALKABLE_SHORT_GRASS,0
37,27,51,5,27,G,WALKABLE_SHORT_GRASS,0
38,27,51,6,27,G,WALKABLE_SHORT_GRASS,0
39,27,51,7,27,G,WALKABLE_SHORT_GRASS,0
40,27,51,8,27,F,WALKABLE_FLOWER_ENCOUNTER,3
41,27,51,9,27,F,WALKABLE_FLOWER_ENCOUNTER,3
42,27,51,10,27,F,WALKABLE_FLOWER_ENCOUNTER,3
43,27,51,11,27,F,WALKABLE_FLOWER_ENCOUNTER,3
44,27,51,12,27,F,WALKABLE_FLOWER_ENCOUNTER,3
45,27,51,13,27,G,WALKABLE_SHORT_GRASS,0
46,27,51,14,27,G,WALKABLE_SHORT_GRASS,0
47,27,51,15,27,G,WALKABLE_SHORT_GRASS,0
48,27,51,16,27,G,WALKABLE_SHORT_GRASS,0
49,27,51,17,27,G,WALKABLE_SHORT_GRASS,0
50,27,51,18,27,G,WALKABLE_SHORT_GRASS,0
51,27,51,19,27,G,WALKABLE_SHORT_GRASS,0
52,27,51,20,27,G,WALKABLE_SHORT_GRASS,0
53,27,51,21,27,F,WALKABLE_FLOWER_ENCOUNTER,3
54,27,51,22,27,F,WALKABLE_FLOWER_ENCOUNTER,3
55,27,51,23,27,F,WALKABLE_FLOWER_ENCOUNTER,3
56,27,51,24,27,F,WALKABLE_FLOWER_ENCOUNTER,3
57,27,51,25,27,G,WALKABLE_SHORT_GRASS,0
58,27,51,26,27,G,WALKABLE_SHORT_GRASS,0
59,27,51,27,27,G,WALKABLE_SHORT_GRASS,0
60,27,51,28,27,G,WALKABLE_SHORT_GRASS,0
61,27,51,29,27,G,WALKABLE_SHORT_GRASS,0
62,27,51,30,27,T,BLOCKED_TREE_WALL,1
63,27,51,31,27,T,BLOCKED_TREE_WALL,1
0,28,50,0,28,T,BLOCKED_TREE_WALL,1
1,28,50,1,28,T,BLOCKED_TREE_WALL,1
2,28,50,2,28,G,WALKABLE_SHORT_GRASS,0
3,28,50,3,28,G,WALKABLE_SHORT_GRASS,0
4,28,50,4,28,G,WALKABLE_SHORT_GRASS,0
5,28,50,5,28,G,WALKABLE_SHORT_GRASS,0
6,28,50,6,28,G,WALKABLE_SHORT_GRASS,0
7,28,50,7,28,G,WALKABLE_SHORT_GRASS,0
8,28,50,8,28,G,WALKABLE_SHORT_GRASS,0
9,28,50,9,28,G,WALKABLE_SHORT_GRASS,0
10,28,50,10,28,G,WALKABLE_SHORT_GRASS,0
11,28,50,11,28,G,WALKABLE_SHORT_GRASS,0
12,28,50,12,28,G,WALKABLE_SHORT_GRASS,0
13,28,50,13,28,G,WALKABLE_SHORT_GRASS,0
14,28,50,14,28,G,WALKABLE_SHORT_GRASS,0
15,28,50,15,28,G,WALKABLE_SHORT_GRASS,0
16,28,50,16,28,G,WALKABLE_SHORT_GRASS,0
17,28,50,17,28,G,WALKABLE_SHORT_GRASS,0
18,28,50,18,28,G,WALKABLE_SHORT_GRASS,0
19,28,50,19,28,G,WALKABLE_SHORT_GRASS,0
20,28,50,20,28,G,WALKABLE_SHORT_GRASS,0
21,28,50,21,28,G,WALKABLE_SHORT_GRASS,0
22,28,50,22,28,G,WALKABLE_SHORT_GRASS,0
23,28,50,23,28,G,WALKABLE_SHORT_GRASS,0
24,28,50,24,28,G,WALKABLE_SHORT_GRASS,0
25,28,50,25,28,G,WALKABLE_SHORT_GRASS,0
26,28,50,26,28,G,WALKABLE_SHORT_GRASS,0
27,28,50,27,28,G,WALKABLE_SHORT_GRASS,0
28,28,50,28,28,G,WALKABLE_SHORT_GRASS,0
29,28,50,29,28,G,WALKABLE_SHORT_GRASS,0
30,28,50,30,28,G,WALKABLE_SHORT_GRASS,0
31,28,50,31,28,G,WALKABLE_SHORT_GRASS,0
32,28,51,0,28,G,WALKABLE_SHORT_GRASS,0
33,28,51,1,28,G,WALKABLE_SHORT_GRASS,0
34,28,51,2,28,G,WALKABLE_SHORT_GRASS,0
35,28,51,3,28,G,WALKABLE_SHORT_GRASS,0
36,28,51,4,28,G,WALKABLE_SHORT_GRASS,0
37,28,51,5,28,G,WALKABLE_SHORT_GRASS,0
38,28,51,6,28,G,WALKABLE_SHORT_GRASS,0
39,28,51,7,28,G,WALKABLE_SHORT_GRASS,0
40,28,51,8,28,G,WALKABLE_SHORT_GRASS,0
41,28,51,9,28,G,WALKABLE_SHORT_GRASS,0
42,28,51,10,28,G,WALKABLE_SHORT_GRASS,0
43,28,51,11,28,G,WALKABLE_SHORT_GRASS,0
44,28,51,12,28,G,WALKABLE_SHORT_GRASS,0
45,28,51,13,28,G,WALKABLE_SHORT_GRASS,0
46,28,51,14,28,G,WALKABLE_SHORT_GRASS,0
47,28,51,15,28,G,WALKABLE_SHORT_GRASS,0
48,28,51,16,28,G,WALKABLE_SHORT_GRASS,0
49,28,51,17,28,G,WALKABLE_SHORT_GRASS,0
50,28,51,18,28,G,WALKABLE_SHORT_GRASS,0
51,28,51,19,28,G,WALKABLE_SHORT_GRASS,0
52,28,51,20,28,G,WALKABLE_SHORT_GRASS,0
53,28,51,21,28,G,WALKABLE_SHORT_GRASS,0
54,28,51,22,28,G,WALKABLE_SHORT_GRASS,0
55,28,51,23,28,G,WALKABLE_SHORT_GRASS,0
56,28,51,24,28,G,WALKABLE_SHORT_GRASS,0
57,28,51,25,28,G,WALKABLE_SHORT_GRASS,0
58,28,51,26,28,G,WALKABLE_SHORT_GRASS,0
59,28,51,27,28,G,WALKABLE_SHORT_GRASS,0
60,28,51,28,28,G,WALKABLE_SHORT_GRASS,0
61,28,51,29,28,G,WALKABLE_SHORT_GRASS,0
62,28,51,30,28,T,BLOCKED_TREE_WALL,1
63,28,51,31,28,T,BLOCKED_TREE_WALL,1
0,29,50,0,29,T,BLOCKED_TREE_WALL,1
1,29,50,1,29,T,BLOCKED_TREE_WALL,1
2,29,50,2,29,G,WALKABLE_SHORT_GRASS,0
3,29,50,3,29,G,WALKABLE_SHORT_GRASS,0
4,29,50,4,29,G,WALKABLE_SHORT_GRASS,0
5,29,50,5,29,G,WALKABLE_SHORT_GRASS,0
6,29,50,6,29,G,WALKABLE_SHORT_GRASS,0
7,29,50,7,29,G,WALKABLE_SHORT_GRASS,0
8,29,50,8,29,G,WALKABLE_SHORT_GRASS,0
9,29,50,9,29,G,WALKABLE_SHORT_GRASS,0
10,29,50,10,29,G,WALKABLE_SHORT_GRASS,0
11,29,50,11,29,G,WALKABLE_SHORT_GRASS,0
12,29,50,12,29,G,WALKABLE_SHORT_GRASS,0
13,29,50,13,29,G,WALKABLE_SHORT_GRASS,0
14,29,50,14,29,G,WALKABLE_SHORT_GRASS,0
15,29,50,15,29,G,WALKABLE_SHORT_GRASS,0
16,29,50,16,29,G,WALKABLE_SHORT_GRASS,0
17,29,50,17,29,G,WALKABLE_SHORT_GRASS,0
18,29,50,18,29,G,WALKABLE_SHORT_GRASS,0
19,29,50,19,29,G,WALKABLE_SHORT_GRASS,0
20,29,50,20,29,G,WALKABLE_SHORT_GRASS,0
21,29,50,21,29,G,WALKABLE_SHORT_GRASS,0
22,29,50,22,29,G,WALKABLE_SHORT_GRASS,0
23,29,50,23,29,G,WALKABLE_SHORT_GRASS,0
24,29,50,24,29,G,WALKABLE_SHORT_GRASS,0
25,29,50,25,29,G,WALKABLE_SHORT_GRASS,0
26,29,50,26,29,G,WALKABLE_SHORT_GRASS,0
27,29,50,27,29,G,WALKABLE_SHORT_GRASS,0
28,29,50,28,29,G,WALKABLE_SHORT_GRASS,0
29,29,50,29,29,G,WALKABLE_SHORT_GRASS,0
30,29,50,30,29,G,WALKABLE_SHORT_GRASS,0
31,29,50,31,29,G,WALKABLE_SHORT_GRASS,0
32,29,51,0,29,G,WALKABLE_SHORT_GRASS,0
33,29,51,1,29,G,WALKABLE_SHORT_GRASS,0
34,29,51,2,29,G,WALKABLE_SHORT_GRASS,0
35,29,51,3,29,G,WALKABLE_SHORT_GRASS,0
36,29,51,4,29,G,WALKABLE_SHORT_GRASS,0
37,29,51,5,29,G,WALKABLE_SHORT_GRASS,0
38,29,51,6,29,G,WALKABLE_SHORT_GRASS,0
39,29,51,7,29,G,WALKABLE_SHORT_GRASS,0
40,29,51,8,29,G,WALKABLE_SHORT_GRASS,0
41,29,51,9,29,G,WALKABLE_SHORT_GRASS,0
42,29,51,10,29,G,WALKABLE_SHORT_GRASS,0
43,29,51,11,29,G,WALKABLE_SHORT_GRASS,0
44,29,51,12,29,G,WALKABLE_SHORT_GRASS,0
45,29,51,13,29,G,WALKABLE_SHORT_GRASS,0
46,29,51,14,29,G,WALKABLE_SHORT_GRASS,0
47,29,51,15,29,G,WALKABLE_SHORT_GRASS,0
48,29,51,16,29,G,WALKABLE_SHORT_GRASS,0
49,29,51,17,29,G,WALKABLE_SHORT_GRASS,0
50,29,51,18,29,G,WALKABLE_SHORT_GRASS,0
51,29,51,19,29,G,WALKABLE_SHORT_GRASS,0
52,29,51,20,29,G,WALKABLE_SHORT_GRASS,0
53,29,51,21,29,G,WALKABLE_SHORT_GRASS,0
54,29,51,22,29,G,WALKABLE_SHORT_GRASS,0
55,29,51,23,29,G,WALKABLE_SHORT_GRASS,0
56,29,51,24,29,G,WALKABLE_SHORT_GRASS,0
57,29,51,25,29,G,WALKABLE_SHORT_GRASS,0
58,29,51,26,29,G,WALKABLE_SHORT_GRASS,0
59,29,51,27,29,G,WALKABLE_SHORT_GRASS,0
60,29,51,28,29,G,WALKABLE_SHORT_GRASS,0
61,29,51,29,29,G,WALKABLE_SHORT_GRASS,0
62,29,51,30,29,T,BLOCKED_TREE_WALL,1
63,29,51,31,29,T,BLOCKED_TREE_WALL,1
0,30,50,0,30,T,BLOCKED_TREE_WALL,1
1,30,50,1,30,T,BLOCKED_TREE_WALL,1
2,30,50,2,30,T,BLOCKED_TREE_WALL,1
3,30,50,3,30,T,BLOCKED_TREE_WALL,1
4,30,50,4,30,T,BLOCKED_TREE_WALL,1
5,30,50,5,30,T,BLOCKED_TREE_WALL,1
6,30,50,6,30,T,BLOCKED_TREE_WALL,1
7,30,50,7,30,T,BLOCKED_TREE_WALL,1
8,30,50,8,30,T,BLOCKED_TREE_WALL,1
9,30,50,9,30,T,BLOCKED_TREE_WALL,1
10,30,50,10,30,T,BLOCKED_TREE_WALL,1
11,30,50,11,30,T,BLOCKED_TREE_WALL,1
12,30,50,12,30,T,BLOCKED_TREE_WALL,1
13,30,50,13,30,T,BLOCKED_TREE_WALL,1
14,30,50,14,30,T,BLOCKED_TREE_WALL,1
15,30,50,15,30,T,BLOCKED_TREE_WALL,1
16,30,50,16,30,T,BLOCKED_TREE_WALL,1
17,30,50,17,30,T,BLOCKED_TREE_WALL,1
18,30,50,18,30,T,BLOCKED_TREE_WALL,1
19,30,50,19,30,T,BLOCKED_TREE_WALL,1
20,30,50,20,30,T,BLOCKED_TREE_WALL,1
21,30,50,21,30,T,BLOCKED_TREE_WALL,1
22,30,50,22,30,T,BLOCKED_TREE_WALL,1
23,30,50,23,30,T,BLOCKED_TREE_WALL,1
24,30,50,24,30,T,BLOCKED_TREE_WALL,1
25,30,50,25,30,T,BLOCKED_TREE_WALL,1
26,30,50,26,30,T,BLOCKED_TREE_WALL,1
27,30,50,27,30,T,BLOCKED_TREE_WALL,1
28,30,50,28,30,T,BLOCKED_TREE_WALL,1
29,30,50,29,30,T,BLOCKED_TREE_WALL,1
30,30,50,30,30,T,BLOCKED_TREE_WALL,1
31,30,50,31,30,T,BLOCKED_TREE_WALL,1
32,30,51,0,30,T,BLOCKED_TREE_WALL,1
33,30,51,1,30,T,BLOCKED_TREE_WALL,1
34,30,51,2,30,T,BLOCKED_TREE_WALL,1
35,30,51,3,30,T,BLOCKED_TREE_WALL,1
36,30,51,4,30,T,BLOCKED_TREE_WALL,1
37,30,51,5,30,T,BLOCKED_TREE_WALL,1
38,30,51,6,30,T,BLOCKED_TREE_WALL,1
39,30,51,7,30,T,BLOCKED_TREE_WALL,1
40,30,51,8,30,T,BLOCKED_TREE_WALL,1
41,30,51,9,30,T,BLOCKED_TREE_WALL,1
42,30,51,10,30,T,BLOCKED_TREE_WALL,1
43,30,51,11,30,T,BLOCKED_TREE_WALL,1
44,30,51,12,30,T,BLOCKED_TREE_WALL,1
45,30,51,13,30,T,BLOCKED_TREE_WALL,1
46,30,51,14,30,T,BLOCKED_TREE_WALL,1
47,30,51,15,30,T,BLOCKED_TREE_WALL,1
48,30,51,16,30,T,BLOCKED_TREE_WALL,1
49,30,51,17,30,T,BLOCKED_TREE_WALL,1
50,30,51,18,30,T,BLOCKED_TREE_WALL,1
51,30,51,19,30,T,BLOCKED_TREE_WALL,1
52,30,51,20,30,T,BLOCKED_TREE_WALL,1
53,30,51,21,30,T,BLOCKED_TREE_WALL,1
54,30,51,22,30,T,BLOCKED_TREE_WALL,1
55,30,51,23,30,T,BLOCKED_TREE_WALL,1
56,30,51,24,30,T,BLOCKED_TREE_WALL,1
57,30,51,25,30,T,BLOCKED_TREE_WALL,1
58,30,51,26,30,T,BLOCKED_TREE_WALL,1
59,30,51,27,30,T,BLOCKED_TREE_WALL,1
60,30,51,28,30,T,BLOCKED_TREE_WALL,1
61,30,51,29,30,T,BLOCKED_TREE_WALL,1
62,30,51,30,30,T,BLOCKED_TREE_WALL,1
63,30,51,31,30,T,BLOCKED_TREE_WALL,1
0,31,50,0,31,T,BLOCKED_TREE_WALL,1
1,31,50,1,31,T,BLOCKED_TREE_WALL,1
2,31,50,2,31,T,BLOCKED_TREE_WALL,1
3,31,50,3,31,T,BLOCKED_TREE_WALL,1
4,31,50,4,31,T,BLOCKED_TREE_WALL,1
5,31,50,5,31,T,BLOCKED_TREE_WALL,1
6,31,50,6,31,T,BLOCKED_TREE_WALL,1
7,31,50,7,31,T,BLOCKED_TREE_WALL,1
8,31,50,8,31,T,BLOCKED_TREE_WALL,1
9,31,50,9,31,T,BLOCKED_TREE_WALL,1
10,31,50,10,31,T,BLOCKED_TREE_WALL,1
11,31,50,11,31,T,BLOCKED_TREE_WALL,1
12,31,50,12,31,T,BLOCKED_TREE_WALL,1
13,31,50,13,31,T,BLOCKED_TREE_WALL,1
14,31,50,14,31,T,BLOCKED_TREE_WALL,1
15,31,50,15,31,T,BLOCKED_TREE_WALL,1
16,31,50,16,31,T,BLOCKED_TREE_WALL,1
17,31,50,17,31,T,BLOCKED_TREE_WALL,1
18,31,50,18,31,T,BLOCKED_TREE_WALL,1
19,31,50,19,31,T,BLOCKED_TREE_WALL,1
20,31,50,20,31,T,BLOCKED_TREE_WALL,1
21,31,50,21,31,T,BLOCKED_TREE_WALL,1
22,31,50,22,31,T,BLOCKED_TREE_WALL,1
23,31,50,23,31,T,BLOCKED_TREE_WALL,1
24,31,50,24,31,T,BLOCKED_TREE_WALL,1
25,31,50,25,31,T,BLOCKED_TREE_WALL,1
26,31,50,26,31,T,BLOCKED_TREE_WALL,1
27,31,50,27,31,T,BLOCKED_TREE_WALL,1
28,31,50,28,31,T,BLOCKED_TREE_WALL,1
29,31,50,29,31,T,BLOCKED_TREE_WALL,1
30,31,50,30,31,T,BLOCKED_TREE_WALL,1
31,31,50,31,31,T,BLOCKED_TREE_WALL,1
32,31,51,0,31,T,BLOCKED_TREE_WALL,1
33,31,51,1,31,T,BLOCKED_TREE_WALL,1
34,31,51,2,31,T,BLOCKED_TREE_WALL,1
35,31,51,3,31,T,BLOCKED_TREE_WALL,1
36,31,51,4,31,T,BLOCKED_TREE_WALL,1
37,31,51,5,31,T,BLOCKED_TREE_WALL,1
38,31,51,6,31,T,BLOCKED_TREE_WALL,1
39,31,51,7,31,T,BLOCKED_TREE_WALL,1
40,31,51,8,31,T,BLOCKED_TREE_WALL,1
41,31,51,9,31,T,BLOCKED_TREE_WALL,1
42,31,51,10,31,T,BLOCKED_TREE_WALL,1
43,31,51,11,31,T,BLOCKED_TREE_WALL,1
44,31,51,12,31,T,BLOCKED_TREE_WALL,1
45,31,51,13,31,T,BLOCKED_TREE_WALL,1
46,31,51,14,31,T,BLOCKED_TREE_WALL,1
47,31,51,15,31,T,BLOCKED_TREE_WALL,1
48,31,51,16,31,T,BLOCKED_TREE_WALL,1
49,31,51,17,31,T,BLOCKED_TREE_WALL,1
50,31,51,18,31,T,BLOCKED_TREE_WALL,1
51,31,51,19,31,T,BLOCKED_TREE_WALL,1
52,31,51,20,31,T,BLOCKED_TREE_WALL,1
53,31,51,21,31,T,BLOCKED_TREE_WALL,1
54,31,51,22,31,T,BLOCKED_TREE_WALL,1
55,31,51,23,31,T,BLOCKED_TREE_WALL,1
56,31,51,24,31,T,BLOCKED_TREE_WALL,1
57,31,51,25,31,T,BLOCKED_TREE_WALL,1
58,31,51,26,31,T,BLOCKED_TREE_WALL,1
59,31,51,27,31,T,BLOCKED_TREE_WALL,1
60,31,51,28,31,T,BLOCKED_TREE_WALL,1
61,31,51,29,31,T,BLOCKED_TREE_WALL,1
62,31,51,30,31,T,BLOCKED_TREE_WALL,1
63,31,51,31,31,T,BLOCKED_TREE_WALL,1
